Div,Date,Time,HomeTeam,AwayTeam,Referee,B365H,B365D,B365A,BFDH,BFDD,BFDA,BVH,BVD,BVA,BWH,BWD,BWA,PPH,PPD,PPA,SKBH,SKBD,SKBA,MaxH,MaxD,MaxA,AvgH,AvgD,AvgA,BFEH,BFED,BFEA,B365>2.5,B365<2.5,Max>2.5,Max<2.5,Avg>2.5,Avg<2.5,BFE>2.5,BFE<2.5,AHh,B365AHH,B365AHA,MaxAHH,MaxAHA,AvgAHH,AvgAHA,BFEAHH,BFEAHA,B365CH,B365CD,B365CA,BFDCH,BFDCD,BFDCA,BVCH,BVCD,BVCA,BWCH,BWCD,BWCA,PPCH,PPCD,PPCA,SKBCH,SKBCD,SKBCA,MaxCH,MaxCD,MaxCA,AvgCH,AvgCD,AvgCA,BFECH,BFECD,BFECA,B365C>2.5,B365C<2.5,MaxC>2.5,MaxC<2.5,AvgC>2.5,AvgC<2.5,BFEC>2.5,BFEC<2.5,AHCh,B365CAHH,B365CAHA,MaxCAHH,MaxCAHA,AvgCAHH,AvgCAHA,BFECAHH,BFECAHA
B1,09/10/2026,19:45,Beveren,Lommel SK,,1.75,3.8,3.9,1.8,3.75,3.75,1.8,3.9,3.9,1.83,3.8,4,1.73,3.8,3.8,1.73,3.6,3.75,1.85,4,4,1.8,3.79,3.86,1.85,4.2,4.3,1.57,2.35,1.62,2.4,1.55,2.33,1.61,2.56,-0.75,2.03,1.78,2.08,1.8,1.99,1.75,2.07,1.89,,,,,,,,,,,,,,,,,,,,,,,,,,,,,,,,,,,,,,,,,,,,
B1,10/10/2026,15:00,Cercle Brugge,Anderlecht,,3.5,3.6,1.91,3.4,3.6,1.95,3.4,3.6,1.93,3.5,3.75,1.98,3.3,3.6,1.9,3.25,3.5,1.85,3.5,3.8,2,3.41,3.65,1.95,3.6,3.85,2.02,1.65,2.2,1.65,2.25,1.62,2.19,1.66,2.32,0.5,1.83,1.98,1.83,1.98,1.79,1.92,1.9,2.02,,,,,,,,,,,,,,,,,,,,,,,,,,,,,,,,,,,,,,,,,,,,
B1,10/10/2026,17:15,RAAL La Louviere,Club Brugge,,6.25,4.33,1.42,7,4.6,1.36,7,4.75,1.36,6.75,5,1.41,7,4.75,1.3,6.5,4.6,1.33,7,5.25,1.42,6.54,4.82,1.38,7.8,5.1,1.4,1.48,2.6,1.5,2.63,1.47,2.55,1.51,2.72,1.5,1.73,2.08,1.87,2.1,1.72,2.02,1.81,2.09,,,,,,,,,,,,,,,,,,,,,,,,,,,,,,,,,,,,,,,,,,,,
B1,10/10/2026,19:45,Genk,Kortrijk,,1.42,4.5,6,1.4,4.5,6.5,1.4,4.5,6.5,1.46,4.6,6.5,1.36,4.5,6,1.36,4.33,6,1.46,4.75,7,1.42,4.54,6.31,1.44,4.8,7.6,1.57,2.35,1.57,2.5,1.53,2.37,1.54,2.52,-1.25,1.93,1.88,1.93,1.88,1.91,1.82,1.96,1.94,,,,,,,,,,,,,,,,,,,,,,,,,,,,,,,,,,,,,,,,,,,,
B1,10/10/2026,19:45,Waregem,Gent,,2.75,3.25,2.35,2.63,3.4,2.38,2.75,3.3,2.38,2.9,3.3,2.4,2.63,3.3,2.3,2.63,3.25,2.3,2.9,3.4,2.45,2.77,3.31,2.38,2.88,3.4,2.62,1.93,1.88,1.95,1.91,1.88,1.84,1.94,1.96,0,2.05,1.75,2.05,1.77,2.01,1.73,2.07,1.89,,,,,,,,,,,,,,,,,,,,,,,,,,,,,,,,,,,,,,,,,,,,
B1,11/10/2026,12:30,Standard,Charleroi,,2.9,3.25,2.25,2.8,3.4,2.3,2.8,3.4,2.3,2.95,3.5,2.3,2.8,3.4,2.2,2.75,3.3,2.15,3,3.5,2.3,2.85,3.41,2.28,2.94,1.61,2.26,1.8,2,1.8,2,1.76,1.96,1.81,2,0.25,1.78,2.03,1.8,2.03,1.76,1.97,,,,,,,,,,,,,,,,,,,,,,,,,,,,,,,,,,,,,,,,,,,,,,
B1,11/10/2026,15:00,St. Gilloise,Oud-Heverlee Leuven,,1.22,5.75,9.5,1.22,6,9.5,1.22,5.75,10,1.28,6,10,1.18,6,10,1.2,5.75,9.5,1.28,6.5,10.5,1.23,5.92,9.76,1.24,1.12,1.12,1.44,2.7,1.45,2.75,1.42,2.67,1.45,2.68,-1.75,1.85,1.95,1.87,1.95,1.84,1.88,,,,,,,,,,,,,,,,,,,,,,,,,,,,,,,,,,,,,,,,,,,,,,
B1,11/10/2026,17:30,Westerlo,Antwerp,,2.1,3.6,3,2.05,3.75,3,2.05,3.75,3,2.1,3.8,3.1,2,3.75,2.9,2,3.6,2.88,2.15,4,3.1,2.08,3.73,2.98,2.12,3.9,1.32,1.48,2.6,1.52,2.63,1.47,2.54,1.47,2.62,-0.25,1.85,1.95,1.88,1.95,1.83,1.9,,,,,,,,,,,,,,,,,,,,,,,,,,,,,,,,,,,,,,,,,,,,,,
B1,11/10/2026,18:15,Mechelen,St Truiden,,3.2,3.5,2.05,3.1,3.6,2.05,3.1,3.5,2.1,3.25,3.6,2.1,3,3.6,2,3,3.5,2,3.25,3.6,2.15,3.14,3.51,2.08,3.35,3.5,1.12,1.67,2.15,1.67,2.2,1.63,2.17,1.69,2.16,0.25,1.95,1.85,1.95,1.85,1.91,1.81,,,,,,,,,,,,,,,,,,,,,,,,,,,,,,,,,,,,,,,,,,,,,,
D1,09/10/2026,19:30,Dortmund,Werder Bremen,,1.3,5.5,9,1.33,5.5,8.5,1.3,5.5,8.5,1.34,5.75,7.75,1.3,5.5,8.5,1.3,5.5,8,1.35,5.75,9.7,1.32,5.57,8.15,1.36,6,9.4,1.4,3,1.4,3.2,1.37,2.98,1.42,3.25,-1.5,1.88,1.98,1.88,1.98,1.81,1.92,1.92,2.03,,,,,,,,,,,,,,,,,,,,,,,,,,,,,,,,,,,,,,,,,,,,
D1,10/10/2026,14:30,Augsburg,Bayern Munich,,11,8.5,1.18,12,8,1.18,11.5,7.5,1.13,9.75,8.75,1.2,13,8.5,1.14,12,8,1.17,13,9,1.2,11.02,8.1,1.17,13.5,9.4,1.2,1.14,5.5,1.15,6,1.13,5.48,1.17,6.4,2.25,2,1.8,2,1.87,1.93,1.8,2.01,1.92,,,,,,,,,,,,,,,,,,,,,,,,,,,,,,,,,,,,,,,,,,,,
D1,10/10/2026,14:30,Hoffenheim,Hamburg,,1.42,5,7,1.44,5,6.5,1.36,4.75,6.5,1.43,5.25,6,1.4,5,6.5,1.4,4.8,6.5,1.44,5.25,7.1,1.41,5,6.39,1.46,5.4,7.4,1.4,3,1.4,3,1.38,2.91,1.43,3.15,-1.25,1.88,1.98,1.88,1.98,1.82,1.92,1.91,2.04,,,,,,,,,,,,,,,,,,,,,,,,,,,,,,,,,,,,,,,,,,,,
D1,10/10/2026,14:30,Mainz,Leverkusen,,3,3.8,2.2,2.88,4,2.2,2.8,3.75,2.1,2.87,3.9,2.2,2.9,3.8,2.15,2.9,3.8,2.15,3,4,2.25,2.88,3.83,2.17,3.1,4.1,2.26,1.44,2.75,1.48,2.88,1.42,2.72,1.49,2.94,0.25,1.93,1.93,1.93,1.93,1.86,1.88,1.98,1.98,,,,,,,,,,,,,,,,,,,,,,,,,,,,,,,,,,,,,,,,,,,,
D1,10/10/2026,14:30,Paderborn,Stuttgart,,4.75,4.75,1.6,4.6,4.6,1.6,4.6,4.33,1.53,4.5,4.6,1.62,4.75,4.5,1.57,4.75,4.5,1.57,5.1,4.75,1.62,4.65,4.55,1.58,5.3,4.9,1.64,1.36,3.2,1.37,3.2,1.36,3.03,1.4,3.35,1,1.9,1.95,1.9,1.95,1.85,1.89,1.98,1.98,,,,,,,,,,,,,,,,,,,,,,,,,,,,,,,,,,,,,,,,,,,,
D1,10/10/2026,14:30,Union Berlin,Elversberg,,2.3,3.6,2.9,2.25,3.8,2.8,2.25,3.6,2.63,2.25,3.8,2.85,2.3,3.6,2.8,2.3,3.6,2.75,2.4,3.8,2.94,2.29,3.69,2.77,2.42,3.9,2.96,1.53,2.5,1.58,2.55,1.52,2.46,1.58,2.66,-0.25,2.05,1.8,2.05,1.8,1.99,1.76,2.12,1.87,,,,,,,,,,,,,,,,,,,,,,,,,,,,,,,,,,,,,,,,,,,,
D1,10/10/2026,17:30,RB Leipzig,Ein Frankfurt,,1.57,4.75,5,1.53,5,4.5,1.53,4.4,4.5,1.57,4.8,4.75,1.53,4.75,4.75,1.55,4.6,4.75,1.57,5,5.1,1.55,4.73,4.74,1.62,5.2,5.2,1.3,3.5,1.3,3.75,1.28,3.51,1.32,3.95,-1,1.88,1.98,1.88,1.98,1.84,1.9,1.92,2.03,,,,,,,,,,,,,,,,,,,,,,,,,,,,,,,,,,,,,,,,,,,,
D1,11/10/2026,14:30,FC Koln,M'gladbach,,2,3.9,3.3,2,4,3.3,1.95,3.7,3.1,1.98,3.9,3.4,1.95,4,3.25,2,3.9,3.25,2.08,4,3.4,2,3.89,3.22,2.1,4,3.5,1.5,2.63,1.52,2.63,1.47,2.56,1.53,2.74,-0.5,2.03,1.83,2.05,1.83,1.97,1.77,2.1,1.87,,,,,,,,,,,,,,,,,,,,,,,,,,,,,,,,,,,,,,,,,,,,
D1,11/10/2026,16:30,Freiburg,Schalke 04,,1.65,4,5.25,1.67,4.2,4.6,1.6,3.9,4.6,1.65,4.1,4.8,1.6,4,5,1.6,3.9,5,1.67,4.2,5.25,1.64,3.98,4.83,1.67,4.3,5.6,1.62,2.3,1.62,2.38,1.58,2.28,1.63,2.46,-1,2.05,1.75,2.1,1.75,2.04,1.71,2.11,1.84,,,,,,,,,,,,,,,,,,,,,,,,,,,,,,,,,,,,,,,,,,,,
D2,09/10/2026,17:30,Braunschweig,Holstein Kiel,,2.75,3.75,2.25,2.75,3.75,2.2,2.7,3.8,2.25,2.7,3.75,2.35,2.7,3.6,2.25,2.63,3.4,2.2,2.75,3.9,2.35,2.7,3.7,2.25,2.9,3.95,2.42,1.48,2.6,1.5,2.7,1.46,2.55,1.55,2.78,0.25,1.78,2.03,1.8,2.03,1.77,1.96,1.86,2.12,,,,,,,,,,,,,,,,,,,,,,,,,,,,,,,,,,,,,,,,,,,,
D2,09/10/2026,17:30,Heidenheim,Kaiserslautern,,1.91,3.8,3.4,1.91,3.75,3.4,1.93,3.8,3.4,1.95,3.75,3.6,1.87,3.5,3.7,1.83,3.4,3.5,1.95,3.8,3.8,1.91,3.65,3.48,2.02,3.85,4,1.5,2.5,1.54,2.63,1.48,2.48,1.54,2.76,-0.5,1.95,1.85,1.95,1.85,1.9,1.82,2.02,1.96,,,,,,,,,,,,,,,,,,,,,,,,,,,,,,,,,,,,,,,,,,,,
D2,10/10/2026,12:00,Darmstadt,Cottbus,,2.2,3.5,2.8,2.15,3.75,2.75,2.2,3.8,2.7,2.2,3.9,2.85,2.1,4,2.75,2.1,3.75,2.7,2.25,4,2.85,2.17,3.79,2.76,2.3,4.1,2.84,1.4,2.88,1.42,3,1.37,2.87,1.41,3.05,-0.25,1.98,1.83,1.98,1.87,1.92,1.82,2.05,1.92,,,,,,,,,,,,,,,,,,,,,,,,,,,,,,,,,,,,,,,,,,,,
D2,10/10/2026,12:00,Magdeburg,Hannover,,2.45,3.8,2.45,2.5,4,2.3,2.4,3.8,2.4,2.5,4,2.45,2.5,4,2.3,2.45,3.75,2.25,2.5,4,2.45,2.45,3.84,2.38,2.52,4.1,2.58,1.36,3.1,1.4,3.25,1.34,3.02,1.41,3.2,0,1.9,1.9,1.93,1.9,1.88,1.84,1.94,1.98,,,,,,,,,,,,,,,,,,,,,,,,,,,,,,,,,,,,,,,,,,,,
D2,10/10/2026,12:00,Osnabruck,Dresden,,2.55,3.6,2.4,2.6,3.6,2.38,2.55,3.6,2.38,2.65,3.7,2.45,2.6,3.7,2.3,2.5,3.5,2.25,2.65,3.75,2.45,2.56,3.61,2.37,2.68,3.85,2.56,1.53,2.4,1.55,2.5,1.51,2.4,1.59,2.58,0,1.98,1.83,1.98,1.83,1.93,1.79,2.02,1.92,,,,,,,,,,,,,,,,,,,,,,,,,,,,,,,,,,,,,,,,,,,,
D2,10/10/2026,19:30,Nurnberg,Wolfsburg,,2.45,3.8,2.45,2.4,4,2.4,2.4,3.8,2.45,2.5,3.9,2.45,2.4,3.8,2.4,2.38,3.75,2.38,2.5,4,2.5,2.43,3.77,2.44,2.62,3.85,2.56,1.4,2.88,1.42,3,1.37,2.86,1.42,3,0,1.9,1.9,1.9,1.9,1.86,1.87,1.97,1.95,,,,,,,,,,,,,,,,,,,,,,,,,,,,,,,,,,,,,,,,,,,,
D2,11/10/2026,12:30,Bochum,Bielefeld,,2.2,3.5,2.9,2.25,3.5,2.75,2.2,3.5,2.88,2.3,3.6,2.87,2.25,3.5,2.75,2.2,3.4,2.7,2.3,3.6,2.9,2.23,3.48,2.82,2.28,3.6,3.05,1.67,2.15,1.67,2.2,1.64,2.14,1.69,1.25,-0.25,1.98,1.83,2,1.83,1.94,1.79,,,,,,,,,,,,,,,,,,,,,,,,,,,,,,,,,,,,,,,,,,,,,,
D2,11/10/2026,12:30,Hertha,Greuther Furth,,1.57,4.1,5,1.57,4.33,4.6,1.55,4.33,4.6,1.6,4.5,4.8,1.5,4.5,4.75,1.5,4.2,4.6,1.6,4.5,5,1.55,4.34,4.65,1.59,4.7,5.2,1.4,2.88,1.42,3,1.37,2.86,1.39,1.25,-1,1.95,1.85,1.95,1.87,1.89,1.83,,,,,,,,,,,,,,,,,,,,,,,,,,,,,,,,,,,,,,,,,,,,,,
D2,11/10/2026,12:30,St Pauli,Karlsruhe,,1.7,4,4.1,1.67,4,4.2,1.67,4.1,4.1,1.73,4.2,4.2,1.62,4.2,4.2,1.6,4,4,1.73,4.33,4.2,1.68,4.09,4.05,1.73,4.3,4.6,1.44,2.7,1.48,2.75,1.42,2.68,1.02,1.25,-0.75,1.9,1.9,1.9,1.93,1.85,1.87,,,,,,,,,,,,,,,,,,,,,,,,,,,,,,,,,,,,,,,,,,,,,,
E0,10/10/2026,12:30,Arsenal,Leeds,P Tierney,1.4,5,7.5,1.36,4.6,9,1.36,4.75,8.5,1.4,5,7.25,1.33,5,8,1.36,4.8,8,1.4,5,9.5,1.38,4.78,7.89,1.41,5.3,9.4,1.85,2,1.85,2,1.79,1.96,1.93,2.04,-1.25,1.9,1.95,1.9,1.95,1.86,1.89,1.99,1.96,,,,,,,,,,,,,,,,,,,,,,,,,,,,,,,,,,,,,,,,,,,,
E0,10/10/2026,15:00,Aston Villa,Brentford,C Pawson,2.63,3.5,2.6,2.63,3.6,2.5,2.63,3.6,2.55,2.6,3.5,2.55,2.63,3.4,2.5,2.63,3.4,2.5,2.65,3.6,2.6,2.62,3.5,2.54,2.78,3.65,2.7,1.73,2.1,1.73,2.2,1.67,2.11,1.75,2.3,0,1.95,1.9,1.95,1.9,1.9,1.85,2.02,1.96,,,,,,,,,,,,,,,,,,,,,,,,,,,,,,,,,,,,,,,,,,,,
E0,10/10/2026,15:00,Chelsea,Bournemouth,S Barrott,1.65,4.33,4.5,1.67,4.2,4.5,1.65,4.33,4.6,1.66,4.2,4.6,1.65,4.2,4.5,1.67,4.2,4.5,1.7,4.33,4.75,1.66,4.21,4.53,1.74,4.4,4.9,1.5,2.63,1.5,2.63,1.47,2.58,1.51,2.86,-0.75,1.83,2.03,1.84,2.03,1.79,1.95,1.92,2.06,,,,,,,,,,,,,,,,,,,,,,,,,,,,,,,,,,,,,,,,,,,,
E0,10/10/2026,15:00,Ipswich,Fulham,L Smith,2.8,3.4,2.5,2.75,3.6,2.4,2.75,3.6,2.4,2.75,3.5,2.45,2.75,3.4,2.4,2.75,3.4,2.4,2.8,3.6,2.5,2.75,3.48,2.42,2.96,3.65,2.54,1.73,2.1,1.75,2.1,1.71,2.05,1.82,2.18,0,2.05,1.8,2.05,1.8,1.99,1.76,2.15,1.84,,,,,,,,,,,,,,,,,,,,,,,,,,,,,,,,,,,,,,,,,,,,
E0,10/10/2026,15:00,Sunderland,Brighton,T Bramall,3.1,3.5,2.25,2.88,3.6,2.3,3,3.5,2.3,2.9,3.5,2.3,3,3.4,2.3,3,3.3,2.3,3.1,3.6,2.35,2.94,3.47,2.3,3.15,3.6,2.42,1.8,2,1.8,2.05,1.77,1.99,1.88,2.1,0.25,1.88,1.98,1.88,1.98,1.81,1.93,1.9,2.08,,,,,,,,,,,,,,,,,,,,,,,,,,,,,,,,,,,,,,,,,,,,
E0,10/10/2026,17:30,Man United,Tottenham,S Attwell,1.7,4.2,4.5,1.67,4.2,4.5,1.67,4.2,4.5,1.7,4.2,4.33,1.67,4,4.5,1.67,4,4.33,1.73,4.33,4.65,1.69,4.16,4.37,1.76,4.4,4.8,1.53,2.5,1.53,2.63,1.49,2.52,1.55,2.76,-0.75,1.85,2,1.88,2,1.82,1.92,1.95,2.02,,,,,,,,,,,,,,,,,,,,,,,,,,,,,,,,,,,,,,,,,,,,
E0,11/10/2026,14:00,Crystal Palace,Nott'm Forest,P Bankes,2.7,3.2,2.7,2.6,3.5,2.6,2.55,3.4,2.6,2.55,3.4,2.7,2.63,3.25,2.63,2.63,3.2,2.63,2.7,3.5,2.7,2.59,3.33,2.64,2.78,3.45,2.8,1.91,1.91,1.91,1.91,1.86,1.87,1.97,2.02,0,1.9,1.95,1.9,1.95,1.86,1.89,1.98,2,,,,,,,,,,,,,,,,,,,,,,,,,,,,,,,,,,,,,,,,,,,,
E0,11/10/2026,14:00,Hull,Everton,M Salisbury,3.7,3.4,2.05,3.75,3.5,2,3.5,3.4,2,3.5,3.5,2.05,3.6,3.3,2.05,3.6,3.25,2.05,3.9,3.5,2.1,3.58,3.4,2.04,3.85,3.5,2.16,2,1.85,2,1.85,1.96,1.78,2.08,1.9,0.5,1.8,2.05,1.8,2.05,1.76,1.98,1.84,2.16,,,,,,,,,,,,,,,,,,,,,,,,,,,,,,,,,,,,,,,,,,,,
E0,11/10/2026,16:30,Liverpool,Man City,C Kavanagh,2.7,3.6,2.45,2.6,3.75,2.5,2.6,3.7,2.4,2.65,3.6,2.5,2.63,3.6,2.4,2.63,3.6,2.4,2.7,3.75,2.5,2.62,3.64,2.44,2.8,3.85,2.56,1.57,2.38,1.58,2.5,1.54,2.37,1.62,2.56,0,2.03,1.83,2.03,1.85,1.93,1.8,2.07,1.91,,,,,,,,,,,,,,,,,,,,,,,,,,,,,,,,,,,,,,,,,,,,
E0,12/10/2026,20:00,Coventry,Newcastle,J Brooks,3.3,3.7,2.1,3.2,3.75,2.1,3.2,3.6,2.05,3.2,3.6,2.1,3.4,3.5,2.05,3.4,3.4,2.05,3.4,3.75,2.15,3.25,3.58,2.08,3.6,3.7,2.16,1.67,2.2,1.67,2.25,1.63,2.19,1.71,2.34,0.5,1.75,2.05,1.75,2.05,1.71,2.03,1.83,2.17,,,,,,,,,,,,,,,,,,,,,,,,,,,,,,,,,,,,,,,,,,,,
E1,09/10/2026,20:00,West Ham,QPR,R Ricardo,1.41,4.33,7,1.44,4.6,6.5,1.44,4.75,6.5,1.49,4.8,5.5,1.44,4.5,6.5,1.44,4.75,6,1.5,4.8,7.1,1.45,4.68,6.18,1.5,5,7.2,1.53,2.5,1.55,2.6,1.51,2.46,1.57,2.7,-1.25,1.98,1.88,1.98,1.88,1.93,1.81,2.06,1.89,,,,,,,,,,,,,,,,,,,,,,,,,,,,,,,,,,,,,,,,,,,,
E1,10/10/2026,12:30,Charlton,Bristol City,T Reeves,3.2,3.2,2.2,3.1,3.4,2.3,3.13,3.3,2.25,3.1,3.3,2.3,3.1,3.3,2.25,3.1,3.3,2.25,3.2,3.4,2.34,3.13,3.29,2.27,3.4,3.4,2.36,2.1,1.73,2.1,1.73,2.04,1.73,2.2,1.81,0.25,1.85,2,1.85,2,1.81,1.92,1.94,2.01,,,,,,,,,,,,,,,,,,,,,,,,,,,,,,,,,,,,,,,,,,,,
E1,10/10/2026,12:30,Swansea,Norwich,A Kitchen,2.3,3.5,2.82,2.4,3.6,2.75,2.3,3.6,2.88,2.4,3.6,2.75,2.3,3.4,2.9,2.3,3.4,2.9,2.48,3.6,2.9,2.36,3.52,2.8,2.44,3.65,3.05,1.73,2.1,1.73,2.15,1.7,2.08,1.8,2.16,-0.25,2.05,1.8,2.1,1.8,2.02,1.74,2.1,1.88,,,,,,,,,,,,,,,,,,,,,,,,,,,,,,,,,,,,,,,,,,,,
E1,10/10/2026,12:30,West Brom,Birmingham,G Ward,2.35,3.3,3,2.38,3.4,3,2.38,3.4,2.9,2.37,3.4,2.9,2.3,3.3,2.9,2.3,3.3,2.9,2.38,3.45,3.05,2.35,3.36,2.94,2.52,3.45,3.1,2,1.8,2,1.83,1.94,1.8,2.06,1.9,-0.25,2.1,1.78,2.1,1.8,2.01,1.76,2.15,1.83,,,,,,,,,,,,,,,,,,,,,,,,,,,,,,,,,,,,,,,,,,,,
E1,10/10/2026,15:00,Blackburn,Cardiff,T Nield,2.65,3.5,2.4,2.63,3.75,2.5,2.63,3.7,2.45,2.6,3.7,2.45,2.63,3.75,2.4,2.63,3.6,2.4,2.7,3.75,2.52,2.64,3.63,2.45,2.82,3.8,2.56,1.62,2.3,1.62,2.3,1.6,2.25,1.65,2.44,0,2.03,1.83,2.03,1.83,1.95,1.8,2.08,1.88,,,,,,,,,,,,,,,,,,,,,,,,,,,,,,,,,,,,,,,,,,,,
E1,10/10/2026,15:00,Bolton,Stoke,T Kirk,2.65,3.4,2.45,2.63,3.5,2.6,2.75,3.4,2.5,2.7,3.4,2.5,2.63,3.3,2.6,2.63,3.25,2.6,2.75,3.5,2.6,2.69,3.38,2.52,2.9,3.5,2.64,1.88,1.98,1.88,1.98,1.83,1.92,1.92,2,0,2,1.85,2,1.85,1.94,1.81,2.08,1.89,,,,,,,,,,,,,,,,,,,,,,,,,,,,,,,,,,,,,,,,,,,,
E1,10/10/2026,15:00,Derby,Wrexham,M Donohue,2.7,3.2,2.57,2.63,3.4,2.63,2.75,3.3,2.55,2.65,3.4,2.6,2.6,3.3,2.7,2.6,3.25,2.7,2.75,3.4,2.7,2.67,3.32,2.59,2.9,3.45,2.66,2,1.8,2,1.8,1.98,1.77,2.08,1.87,0,2,1.85,2,1.87,1.92,1.82,2.06,1.9,,,,,,,,,,,,,,,,,,,,,,,,,,,,,,,,,,,,,,,,,,,,
E1,10/10/2026,15:00,Middlesbrough,Wolves,F Hallam,2.15,3.7,2.85,2.25,3.75,2.88,2.2,3.7,3,2.25,3.75,2.85,2.2,3.6,3,2.2,3.5,3,2.28,3.75,3,2.22,3.67,2.92,2.3,3.8,3.15,1.62,2.3,1.62,2.3,1.6,2.25,1.69,2.36,-0.25,1.98,1.88,1.98,1.88,1.92,1.83,2.01,1.96,,,,,,,,,,,,,,,,,,,,,,,,,,,,,,,,,,,,,,,,,,,,
E1,10/10/2026,15:00,Preston,Millwall,B Speedie,2.82,3.3,2.35,2.8,3.5,2.4,2.8,3.5,2.4,2.87,3.5,2.35,2.75,3.4,2.4,2.75,3.4,2.4,2.88,3.5,2.52,2.81,3.44,2.39,2.98,3.55,2.54,1.8,2,1.84,2,1.8,1.94,1.9,2.06,0.25,1.73,2.08,1.75,2.1,1.71,2.05,1.81,2.18,,,,,,,,,,,,,,,,,,,,,,,,,,,,,,,,,,,,,,,,,,,,
E1,10/10/2026,15:00,Sheffield United,Lincoln,J Smith,2.05,3.4,3.4,2.15,3.4,3.4,2.1,3.4,3.5,2.15,3.4,3.4,2.05,3.3,3.6,2.05,3.3,3.5,2.18,3.4,3.6,2.11,3.37,3.44,2.22,3.45,3.65,2,1.8,2.05,1.8,1.98,1.77,2.1,1.86,-0.25,1.83,2.03,1.83,2.03,1.79,1.96,1.9,2.07,,,,,,,,,,,,,,,,,,,,,,,,,,,,,,,,,,,,,,,,,,,,
E1,10/10/2026,15:00,Watford,Burnley,A Madley,3.1,3.4,2.2,2.88,3.5,2.38,3,3.5,2.25,3,3.6,2.25,3,3.4,2.3,2.9,3.3,2.3,3.1,3.6,2.38,2.99,3.48,2.26,3.1,3.6,2.42,1.8,2,1.8,2.05,1.77,1.98,1.86,2.08,0.25,1.85,2,1.85,2,1.81,1.94,1.88,2.09,,,,,,,,,,,,,,,,,,,,,,,,,,,,,,,,,,,,,,,,,,,,
E1,11/10/2026,12:00,Southampton,Portsmouth,A Herczeg,1.53,4,5.5,1.57,4.2,5.5,1.55,4,5.25,1.6,4.33,5,1.57,4,5,1.6,4,5.25,1.6,4.33,5.7,1.57,4.13,5.23,1.65,4.3,5.8,1.67,2.2,1.67,2.2,1.63,2.19,1.7,2.34,-1,2,1.85,2,1.85,1.94,1.8,2.06,1.89,,,,,,,,,,,,,,,,,,,,,,,,,,,,,,,,,,,,,,,,,,,,
E2,10/10/2026,12:30,Notts County,Oxford,C Brook,2.5,3.3,2.57,2.6,3.5,2.63,2.5,3.4,2.7,2.55,3.3,2.6,2.6,3.4,2.6,2.5,3.3,2.5,2.65,3.5,2.75,2.53,3.37,2.64,2.6,3.55,2.86,1.95,1.85,1.95,1.88,1.91,1.82,1.98,1.94,0,1.85,2,1.87,2,1.81,1.93,1.88,2.07,,,,,,,,,,,,,,,,,,,,,,,,,,,,,,,,,,,,,,,,,,,,
E2,10/10/2026,12:30,Plymouth,AFC Wimbledon,S Parkinson,1.46,4.2,6,1.5,4.5,6,1.5,4.33,6,1.52,4.33,5.5,1.5,4.4,6,1.5,4.2,5.75,1.53,4.5,6,1.5,4.34,5.79,1.55,4.5,6.4,1.65,2.2,1.65,2.25,1.63,2.19,1.69,2.3,-1,1.83,2.03,1.83,2.03,1.79,1.94,1.88,2.06,,,,,,,,,,,,,,,,,,,,,,,,,,,,,,,,,,,,,,,,,,,,
E2,10/10/2026,15:00,Bradford,Leyton Orient,D Whitestone,1.68,3.7,4.5,1.7,4,4.6,1.7,3.75,4.75,1.72,3.7,4.4,1.65,4,4.75,1.62,3.8,4.6,1.75,4,5,1.7,3.77,4.62,1.75,3.95,5.2,1.93,1.93,1.93,1.95,1.84,1.89,1.92,2,-0.75,1.98,1.88,1.98,1.88,1.89,1.84,1.95,1.99,,,,,,,,,,,,,,,,,,,,,,,,,,,,,,,,,,,,,,,,,,,,
E2,10/10/2026,15:00,Cambridge,Blackpool,L Sandoe,2.01,3.5,3.3,2,3.75,3.5,2.05,3.6,3.3,2.05,3.7,3.2,2,3.75,3.3,1.95,3.6,3.25,2.05,3.75,3.65,2.01,3.65,3.35,2.08,3.75,3.65,1.7,2.1,1.7,2.12,1.68,2.1,1.79,2.18,-0.5,2.05,1.8,2.05,1.8,1.97,1.76,2.08,1.86,,,,,,,,,,,,,,,,,,,,,,,,,,,,,,,,,,,,,,,,,,,,
E2,10/10/2026,15:00,Doncaster,Burton,H Blair,1.62,3.8,4.75,1.67,4,5,1.67,3.9,4.8,1.7,3.8,4.6,1.67,3.8,5,1.67,3.6,4.75,1.7,4.25,5,1.67,3.9,4.68,1.77,4.1,4.7,1.83,2.03,1.83,2.1,1.75,2,1.8,2.06,-0.75,1.9,1.95,1.9,1.95,1.84,1.89,1.98,1.96,,,,,,,,,,,,,,,,,,,,,,,,,,,,,,,,,,,,,,,,,,,,
E2,10/10/2026,15:00,Huddersfield,Sheffield Weds,E Duckworth,1.66,3.9,4.33,1.7,4,4.5,1.7,4,4.4,1.72,3.9,4.33,1.73,4,4.2,1.73,3.8,4,1.77,4,4.5,1.71,3.93,4.28,1.8,4.2,4.4,1.6,2.3,1.6,2.38,1.57,2.28,1.62,2.52,-0.75,1.93,1.93,1.93,1.93,1.88,1.86,2,1.94,,,,,,,,,,,,,,,,,,,,,,,,,,,,,,,,,,,,,,,,,,,,
E2,10/10/2026,15:00,Leicester,Peterboro,S Hooper,1.53,4.2,5,1.57,4.5,5,1.57,4.5,4.8,1.6,4.5,4.5,1.53,4.5,5,1.53,4.33,4.75,1.64,4.6,5,1.58,4.44,4.7,1.67,4.6,4.8,1.4,2.88,1.44,2.9,1.4,2.8,1.43,3.05,-1,1.98,1.88,1.98,1.88,1.92,1.81,2.03,1.87,,,,,,,,,,,,,,,,,,,,,,,,,,,,,,,,,,,,,,,,,,,,
E2,10/10/2026,15:00,Mansfield,Bromley,S Mather,1.71,3.6,4.5,1.8,3.75,4.2,1.75,3.9,4.2,1.78,3.8,4,1.75,3.8,4.2,1.75,3.75,4,1.8,3.9,4.5,1.77,3.81,4.11,1.87,3.9,4.3,1.7,2.1,1.7,2.2,1.64,2.16,1.71,2.26,-0.5,1.78,2.03,1.78,2.03,1.74,1.99,1.87,2.11,,,,,,,,,,,,,,,,,,,,,,,,,,,,,,,,,,,,,,,,,,,,
E2,10/10/2026,15:00,Milton Keynes Dons,Reading,M Corlett,2.65,3.5,2.4,2.6,3.75,2.5,2.55,3.6,2.55,2.7,3.5,2.37,2.6,3.6,2.5,2.5,3.5,2.45,2.75,3.75,2.55,2.61,3.56,2.47,2.64,3.75,2.68,1.67,2.15,1.7,2.2,1.66,2.12,1.76,2.22,0,2,1.85,2,1.85,1.92,1.82,1.95,2,,,,,,,,,,,,,,,,,,,,,,,,,,,,,,,,,,,,,,,,,,,,
E2,10/10/2026,15:00,Stevenage,Wigan,A Byrne,2.05,3.2,3.5,2.1,3.3,3.6,2.1,3.3,3.5,2.1,3.3,3.4,2.1,3.3,3.5,2.05,3.25,3.4,2.15,3.4,3.65,2.09,3.29,3.48,2.22,3.35,3.75,2.15,1.67,2.2,1.7,2.13,1.66,2.26,1.7,-0.25,1.8,2.05,1.8,2.05,1.78,1.97,1.88,2.08,,,,,,,,,,,,,,,,,,,,,,,,,,,,,,,,,,,,,,,,,,,,
E2,10/10/2026,15:00,Stockport,Barnsley,M Coy,1.39,4.5,7,1.4,5,7,1.4,5,6.5,1.44,5,6,1.36,5,6.5,1.4,5,6.25,1.44,5.25,7.5,1.41,4.95,6.39,1.45,5.3,6.6,1.4,2.88,1.42,3,1.39,2.84,1.42,3,-1.25,1.88,1.98,1.88,1.98,1.83,1.9,1.9,2.03,,,,,,,,,,,,,,,,,,,,,,,,,,,,,,,,,,,,,,,,,,,,
E2,10/10/2026,15:00,Wycombe,Luton,S Oldham,2.57,3.4,2.45,2.63,3.75,2.5,2.6,3.6,2.5,2.6,3.6,2.4,2.63,3.6,2.45,2.6,3.5,2.4,2.7,3.75,2.55,2.6,3.58,2.46,2.66,3.75,2.52,1.67,2.15,1.67,2.25,1.64,2.16,1.64,2.38,0,1.98,1.88,1.98,1.88,1.91,1.82,2.01,1.9,,,,,,,,,,,,,,,,,,,,,,,,,,,,,,,,,,,,,,,,,,,,
E3,10/10/2026,12:30,Oldham,Accrington,B Toner,1.61,3.8,5,1.67,4,5,1.65,3.9,5,1.62,4,4.8,1.62,4,5,1.62,3.8,4.75,1.67,4,5,1.64,3.9,4.87,1.78,3.85,4.9,1.8,2,1.8,2,1.75,1.99,1.87,2.08,-0.75,1.85,2,1.85,2,1.81,1.93,2,1.93,,,,,,,,,,,,,,,,,,,,,,,,,,,,,,,,,,,,,,,,,,,,
E3,10/10/2026,12:30,Swindon,Crewe,J O'Connor,2.55,3.4,2.45,2.6,3.6,2.5,2.55,3.5,2.6,2.5,3.5,2.55,2.5,3.6,2.5,2.5,3.5,2.5,2.6,3.6,2.62,2.54,3.51,2.54,2.8,3.55,2.62,1.75,2.05,1.75,2.1,1.71,2.04,1.79,2.16,0,1.95,1.9,1.95,1.9,1.88,1.86,2.03,1.92,,,,,,,,,,,,,,,,,,,,,,,,,,,,,,,,,,,,,,,,,,,,
E3,10/10/2026,15:00,Bristol Rvs,Barnet,T Robinson,2.2,3.5,2.85,2.25,3.6,3,2.2,3.6,3,2.15,3.6,3,2.2,3.6,2.9,2.2,3.5,2.88,2.3,3.7,3.1,2.2,3.56,2.95,2.44,3.55,3,1.7,2.1,1.7,2.15,1.67,2.1,1.74,2.2,-0.25,1.98,1.88,1.98,1.88,1.91,1.83,2.12,1.84,,,,,,,,,,,,,,,,,,,,,,,,,,,,,,,,,,,,,,,,,,,,
E3,10/10/2026,15:00,Cheltenham,Salford,D Rock,4,3.6,1.81,3.75,3.75,1.9,3.9,3.75,1.85,3.8,3.7,1.83,3.8,3.8,1.85,3.6,3.6,1.83,4,4,1.9,3.78,3.73,1.85,4,3.95,1.95,1.7,2.1,1.7,2.15,1.67,2.09,1.75,2.18,0.5,2,1.85,2,1.87,1.9,1.82,2.03,1.95,,,,,,,,,,,,,,,,,,,,,,,,,,,,,,,,,,,,,,,,,,,,
E3,10/10/2026,15:00,Crawley Town,Chesterfield,B Atkinson,4.75,3.9,1.61,4.6,4.2,1.67,5,4.2,1.6,4.4,4.1,1.66,4.75,4.2,1.62,4.6,4,1.62,5,4.33,1.67,4.64,4.12,1.64,5.1,4.3,1.69,1.57,2.35,1.58,2.4,1.54,2.35,1.59,2.58,0.75,2.03,1.83,2.03,1.83,1.98,1.77,2.1,1.85,,,,,,,,,,,,,,,,,,,,,,,,,,,,,,,,,,,,,,,,,,,,
E3,10/10/2026,15:00,Fleetwood Town,Walsall,J Robinson,2.2,3.4,3,2.3,3.6,2.88,2.3,3.4,3,2.2,3.4,3,2.3,3.5,2.88,2.3,3.4,2.8,2.38,3.6,3.1,2.27,3.44,2.94,2.52,3.45,2.98,1.85,1.95,1.85,1.95,1.8,1.92,1.96,1.99,-0.25,2,1.85,2,1.85,1.94,1.8,2.16,1.79,,,,,,,,,,,,,,,,,,,,,,,,,,,,,,,,,,,,,,,,,,,,
E3,10/10/2026,15:00,Newport County,Colchester,O Mackey,2.57,3.4,2.45,2.75,3.5,2.5,2.63,3.4,2.55,2.65,3.4,2.45,2.7,3.5,2.45,2.63,3.4,2.4,2.75,3.5,2.55,2.64,3.43,2.49,2.68,3.55,2.74,1.85,1.95,1.85,2,1.78,1.95,1.89,2.04,0,1.98,1.88,1.98,1.88,1.91,1.83,1.95,2.01,,,,,,,,,,,,,,,,,,,,,,,,,,,,,,,,,,,,,,,,,,,,
E3,10/10/2026,15:00,Port Vale,Grimsby,R Martin,2.5,3.25,2.57,2.5,3.4,2.75,2.55,3.3,2.7,2.45,3.3,2.7,2.5,3.4,2.7,2.45,3.3,2.63,2.55,3.4,2.75,2.5,3.31,2.69,2.68,3.4,2.76,1.95,1.85,1.95,1.85,1.91,1.81,1.98,1.92,0,1.88,1.98,1.88,1.98,1.81,1.93,1.94,1.98,,,,,,,,,,,,,,,,,,,,,,,,,,,,,,,,,,,,,,,,,,,,
E3,10/10/2026,15:00,Rotherham,Gillingham,W Davis,1.81,3.4,4.1,1.91,3.6,4,1.87,3.6,4,1.87,3.5,4,1.91,3.5,3.8,1.91,3.4,3.8,1.91,3.6,4.1,1.89,3.49,3.91,2.06,3.65,3.95,1.95,1.85,1.95,1.91,1.91,1.82,1.96,1.95,-0.5,1.88,1.98,1.88,1.98,1.85,1.87,2.06,1.91,,,,,,,,,,,,,,,,,,,,,,,,,,,,,,,,,,,,,,,,,,,,
E3,10/10/2026,15:00,Shrewsbury,Exeter,D Brown,2.2,3.1,3.25,2.3,3.3,3.2,2.3,3.25,3.1,2.25,3.3,3,2.25,3.3,3.1,2.25,3.25,3,2.3,3.4,3.25,2.27,3.27,3.08,2.34,3.4,3.35,2.1,1.7,2.15,1.7,2.1,1.67,2.26,1.74,-0.25,1.98,1.88,1.98,1.88,1.93,1.82,2.01,1.95,,,,,,,,,,,,,,,,,,,,,,,,,,,,,,,,,,,,,,,,,,,,
E3,10/10/2026,15:00,Tranmere,Rochdale,S Gill,1.91,3.4,3.8,2,3.5,3.75,1.95,3.5,3.75,2,3.4,3.6,2,3.5,3.6,1.95,3.4,3.5,2.05,3.6,3.8,1.98,3.46,3.6,2,3.65,4.1,1.98,1.88,1.98,1.91,1.88,1.84,1.95,1.98,-0.5,1.98,1.88,1.98,1.88,1.93,1.79,2,1.96,,,,,,,,,,,,,,,,,,,,,,,,,,,,,,,,,,,,,,,,,,,,
E3,10/10/2026,15:00,York,Northampton,M Barlow,1.62,3.75,5,1.67,4,5,1.65,3.9,5,1.66,3.9,4.6,1.62,3.8,5,1.62,3.8,4.75,1.67,4,5,1.64,3.89,4.89,1.63,4.2,5.8,1.83,2.03,1.83,2.03,1.78,1.96,1.84,2.04,-0.75,1.85,2,1.85,2,1.79,1.95,1.79,2.17,,,,,,,,,,,,,,,,,,,,,,,,,,,,,,,,,,,,,,,,,,,,
EC,09/10/2026,19:45,Sutton,Boreham Wood,M Russell,4.5,3.8,1.65,4.33,3.75,1.7,4.6,3.75,1.65,4.2,3.6,1.65,4.33,3.75,1.67,4.2,3.6,1.67,4.6,3.8,1.7,4.36,3.69,1.67,5.4,4,1.7,1.8,2,1.8,2.05,1.73,1.99,1.8,2.16,0.75,1.98,1.83,1.98,1.83,1.89,1.81,2.04,1.89,,,,,,,,,,,,,,,,,,,,,,,,,,,,,,,,,,,,,,,,,,,,
EC,10/10/2026,12:30,Altrincham,Aldershot,M Woods,1.85,3.75,3.5,1.83,3.75,3.5,1.83,3.7,3.6,1.82,3.5,3.5,1.85,3.75,3.5,1.83,3.6,3.4,1.88,3.8,3.6,1.84,3.67,3.51,1.85,3.85,3.85,1.57,2.35,1.58,2.38,1.56,2.28,1.6,2.3,-0.5,1.88,1.93,1.88,1.93,1.82,1.87,1.85,2.03,,,,,,,,,,,,,,,,,,,,,,,,,,,,,,,,,,,,,,,,,,,,
EC,10/10/2026,12:30,Carlisle,Kidderminster,S Stockbridge,1.48,4.2,5.5,1.5,4.2,5.5,1.5,4.1,5.5,1.51,4,4.8,1.44,4.33,5.5,1.44,4.2,5.5,1.58,4.33,5.5,1.49,4.19,5.23,1.21,4.5,5.7,1.6,2.3,1.6,2.3,1.57,2.25,1.01,2.24,-1,1.78,2.03,1.91,2.03,1.83,1.88,,,,,,,,,,,,,,,,,,,,,,,,,,,,,,,,,,,,,,,,,,,,,,
EC,10/10/2026,15:00,Boston Utd,Southend,C Walchester,3.5,3.9,1.8,3.6,4,1.8,3.7,3.9,1.75,3.4,3.8,1.77,3.6,4,1.73,3.5,3.8,1.73,3.7,4,1.83,3.55,3.9,1.77,3.8,4.3,1.79,1.44,2.7,1.45,2.8,1.42,2.67,1.42,2.84,0.5,2.03,1.78,2.03,1.8,1.95,1.76,2.06,1.79,,,,,,,,,,,,,,,,,,,,,,,,,,,,,,,,,,,,,,,,,,,,
EC,10/10/2026,15:00,Fylde,Scunthorpe,D Baines,1.75,4.1,3.6,1.7,4.2,3.75,1.73,4.1,3.7,1.73,3.8,3.5,1.67,4.2,3.8,1.67,4,3.6,1.78,4.5,3.8,1.73,4.06,3.61,1.76,4.3,3.6,1.36,3.1,1.36,3.3,1.32,3.1,1.33,1.12,-0.5,1.78,2.03,1.78,2.03,1.72,1.99,,,,,,,,,,,,,,,,,,,,,,,,,,,,,,,,,,,,,,,,,,,,,,
EC,10/10/2026,15:00,Halifax,Gateshead,L Smith,1.4,4.2,7,1.36,4.5,7.5,1.36,4.5,7,1.38,4.5,6,1.3,4.5,7.5,1.33,4.33,7,1.4,5,8,1.36,4.53,6.81,1.39,4.9,6.6,1.65,2.2,1.65,2.25,1.61,2.18,1.64,2.24,-1.25,1.85,1.95,1.85,1.95,1.81,1.9,1.9,1.94,,,,,,,,,,,,,,,,,,,,,,,,,,,,,,,,,,,,,,,,,,,,
EC,10/10/2026,15:00,Hornchurch,Eastleigh,L Hair,2.05,3.5,3.1,2,3.6,3.2,2.05,3.4,3.2,1.98,3.4,3.1,1.91,3.6,3.25,1.91,3.5,3.1,2.05,3.6,3.3,2,3.48,3.18,2.08,3.55,3.35,1.73,2.08,1.73,2.1,1.7,2.03,1.74,2.06,-0.5,2.05,1.75,2.05,1.75,1.98,1.72,,,,,,,,,,,,,,,,,,,,,,,,,,,,,,,,,,,,,,,,,,,,,,
EC,10/10/2026,15:00,Tamworth,Barrow,A Farmer,2.55,3.6,2.38,2.5,3.6,2.4,2.6,3.5,2.38,2.5,3.4,2.3,2.5,3.6,2.38,2.45,3.5,2.38,2.6,3.6,2.4,2.54,3.53,2.36,2.66,3.55,2.44,1.62,2.25,1.62,2.25,1.6,2.19,1.63,2.3,0,1.98,1.83,1.98,1.83,1.93,1.79,2,1.82,,,,,,,,,,,,,,,,,,,,,,,,,,,,,,,,,,,,,,,,,,,,
EC,10/10/2026,15:00,Wealdstone,Yeovil,C Jones,2.5,3.6,2.4,2.5,3.6,2.4,2.5,3.5,2.45,2.4,3.4,2.4,2.4,3.6,2.45,2.38,3.5,2.45,2.5,3.6,2.5,2.45,3.52,2.43,2.74,3.85,2.42,1.62,2.25,1.62,2.3,1.59,2.22,1.61,2.32,0,1.95,1.85,1.95,1.87,1.87,1.83,2.05,1.83,,,,,,,,,,,,,,,,,,,,,,,,,,,,,,,,,,,,,,,,,,,,
EC,10/10/2026,15:00,Woking,Harrogate,A Dale,2.55,3.5,2.38,2.6,3.5,2.4,2.63,3.4,2.38,2.5,3.3,2.35,2.5,3.4,2.4,2.5,3.3,2.38,2.63,3.6,2.6,2.53,3.43,2.41,2.72,3.5,2.44,1.73,2.08,1.73,2.1,1.7,2.03,1.76,2.12,0,1.98,1.83,1.98,1.83,1.93,1.78,2.03,1.81,,,,,,,,,,,,,,,,,,,,,,,,,,,,,,,,,,,,,,,,,,,,
EC,10/10/2026,15:00,Worthing,Solihull,M Norton,1.8,3.9,3.6,1.8,4,3.6,1.75,4,3.7,1.8,3.8,3.3,1.73,4,3.6,1.73,3.8,3.5,1.85,4.33,3.7,1.78,3.95,3.51,1.78,4.3,3.8,1.44,2.7,1.44,2.75,1.41,2.69,1.02,2.74,-0.5,1.78,2.03,1.8,2.03,1.76,1.94,,,,,,,,,,,,,,,,,,,,,,,,,,,,,,,,,,,,,,,,,,,,,,
EC,10/10/2026,17:30,Forest Green,Hartlepool,J Oldham,1.67,3.9,4.33,1.62,4,4.5,1.62,3.9,4.5,1.6,3.9,4.2,1.6,4,4.4,1.6,3.8,4.2,1.67,4,4.5,1.62,3.91,4.35,1.6,4,4.1,1.57,2.35,1.58,2.38,1.56,2.28,1.5,2.12,-0.75,1.83,1.98,1.83,1.98,1.78,1.93,1.74,1.89,,,,,,,,,,,,,,,,,,,,,,,,,,,,,,,,,,,,,,,,,,,,
F1,09/10/2026,19:45,Lens,Lyon,,2.5,3.6,2.63,2.38,3.75,2.75,2.4,3.8,2.63,2.4,3.7,2.7,2.3,3.6,2.75,2.3,3.7,2.75,2.5,3.8,2.8,2.38,3.68,2.7,2.58,3.8,2.82,1.53,2.5,1.58,2.55,1.51,2.46,1.58,2.68,0,1.85,2,1.85,2.08,1.78,1.98,1.9,2.08,,,,,,,,,,,,,,,,,,,,,,,,,,,,,,,,,,,,,,,,,,,,
F1,10/10/2026,16:15,Lille,Le Havre,,1.44,4.5,7.5,1.44,4.6,7,1.4,4.5,6.5,1.44,4.8,6.5,1.4,4.75,7,1.4,4.6,7,1.44,4.8,7.9,1.42,4.66,6.76,1.46,5.1,7.8,1.62,2.3,1.62,2.3,1.6,2.25,1.67,2.4,-1.25,1.95,1.9,1.95,1.9,1.89,1.85,2,1.93,,,,,,,,,,,,,,,,,,,,,,,,,,,,,,,,,,,,,,,,,,,,
F1,10/10/2026,19:45,Brest,Angers,,2,3.6,3.75,2,3.75,3.5,1.93,3.5,3.5,1.98,3.7,3.6,2,3.6,3.5,2,3.6,3.4,2.02,3.75,3.75,1.98,3.61,3.53,2.06,3.8,3.8,1.73,2.1,1.75,2.1,1.72,2.04,1.79,2.18,-0.5,2,1.85,2,1.85,1.93,1.8,2.07,1.91,,,,,,,,,,,,,,,,,,,,,,,,,,,,,,,,,,,,,,,,,,,,
F1,10/10/2026,19:45,Lorient,Paris FC,,3.25,3.4,2.2,3.1,3.5,2.25,3.1,3.3,2.15,3.2,3.25,2.3,3.1,3.4,2.2,3.1,3.4,2.2,3.25,3.5,2.3,3.15,3.33,2.23,3.45,3.45,2.3,1.98,1.88,1.98,1.91,1.88,1.85,2.02,1.92,0.25,1.93,1.93,1.93,1.93,1.86,1.88,1.99,1.97,,,,,,,,,,,,,,,,,,,,,,,,,,,,,,,,,,,,,,,,,,,,
F1,10/10/2026,19:45,Monaco,Toulouse,,1.6,4.1,5.5,1.6,4.2,5,1.55,4.1,5,1.61,4.4,4.8,1.57,4.2,5,1.57,4.2,5,1.61,4.4,5.75,1.59,4.22,5.03,1.63,4.6,5.7,1.57,2.38,1.58,2.4,1.55,2.34,1.6,2.54,-1,2,1.85,2,1.85,1.94,1.8,2.05,1.91,,,,,,,,,,,,,,,,,,,,,,,,,,,,,,,,,,,,,,,,,,,,
F1,10/10/2026,19:45,Paris SG,Le Mans,,1.09,12,21,1.08,11,23,1.06,10,21,1.1,12.5,21,1.06,13,29,1.06,12,23,1.1,13,29,1.08,11.3,22.06,1.1,14.5,28,1.22,4.33,1.23,4.5,1.2,4.24,1.25,4.6,-2.75,1.88,1.98,1.88,1.98,1.82,1.93,1.94,1.96,,,,,,,,,,,,,,,,,,,,,,,,,,,,,,,,,,,,,,,,,,,,
F1,11/10/2026,14:00,Nice,Strasbourg,,2.35,3.6,3,2.3,3.6,2.88,2.25,3.5,2.8,2.25,3.6,2.95,2.25,3.7,2.8,2.25,3.6,2.8,2.35,3.7,3,2.29,3.56,2.87,2.4,3.75,3.1,1.67,2.2,1.67,2.2,1.66,2.13,1.72,2.28,-0.25,2.03,1.83,2.03,1.83,1.97,1.78,2.08,1.9,,,,,,,,,,,,,,,,,,,,,,,,,,,,,,,,,,,,,,,,,,,,
F1,11/10/2026,16:15,Rennes,Auxerre,,1.44,4.75,7,1.44,4.6,6.5,1.4,4.6,6.5,1.43,5,6.5,1.4,4.75,6.5,1.4,4.75,6.5,1.45,5,7.4,1.42,4.83,6.43,1.45,5.3,7.2,1.5,2.63,1.5,2.63,1.47,2.56,1.52,2.7,-1.25,1.93,1.93,1.93,1.93,1.88,1.87,1.95,1.99,,,,,,,,,,,,,,,,,,,,,,,,,,,,,,,,,,,,,,,,,,,,
F1,11/10/2026,19:45,Troyes,Marseille,,3.75,3.75,1.91,3.75,4,1.83,3.5,3.75,1.85,3.8,3.9,1.87,3.7,3.8,1.85,3.6,3.8,1.85,3.8,4,1.98,3.66,3.81,1.88,3.85,3.95,2.02,1.57,2.38,1.58,2.38,1.57,2.3,1.63,2.42,0.5,1.98,1.88,1.98,1.91,1.87,1.85,1.96,2.02,,,,,,,,,,,,,,,,,,,,,,,,,,,,,,,,,,,,,,,,,,,,
F2,09/10/2026,19:00,Dunkerque,Annecy,,2.15,3.2,3,2.2,3.4,2.88,2.2,3.5,3,2.25,3.5,2.9,2.15,3.4,2.9,2.15,3.3,2.8,2.25,3.5,3.1,2.18,3.39,2.96,2.3,3.6,3.25,1.8,2,1.8,2,1.76,1.97,1.89,2.08,-0.25,1.9,1.9,1.9,1.9,1.87,1.85,2,1.95,,,,,,,,,,,,,,,,,,,,,,,,,,,,,,,,,,,,,,,,,,,,
F2,09/10/2026,19:00,Montpellier,Grenoble,,1.55,3.5,5.5,1.57,3.75,5.5,1.6,3.8,5.5,1.61,3.75,5.25,1.53,3.8,5.5,1.53,3.6,5.25,1.61,3.8,6.2,1.58,3.71,5.43,1.68,3.9,6.2,2,1.8,2,1.83,1.95,1.77,2.1,1.87,-0.75,1.75,2.05,1.75,2.1,1.73,2.02,1.89,2.1,,,,,,,,,,,,,,,,,,,,,,,,,,,,,,,,,,,,,,,,,,,,
F2,09/10/2026,19:00,Nancy,Guingamp,,1.83,3.25,3.75,1.95,3.5,3.4,1.9,3.6,3.75,2,3.5,3.5,1.95,3.5,3.4,1.91,3.4,3.3,2,3.6,3.75,1.93,3.46,3.57,2,3.8,3.95,1.8,2,1.83,2,1.78,1.94,1.89,2.06,-0.5,1.9,1.9,1.95,1.9,1.89,1.82,2,1.96,,,,,,,,,,,,,,,,,,,,,,,,,,,,,,,,,,,,,,,,,,,,
F2,09/10/2026,19:00,Pau FC,Laval,,1.9,3.2,3.6,2.05,3.3,3.4,2,3.4,3.6,2.05,3.3,3.5,2,3.3,3.4,1.95,3.25,3.25,2.05,3.4,3.6,2,3.3,3.47,2.1,3.5,3.8,1.98,1.83,1.98,1.87,1.91,1.81,2.08,1.89,-0.5,2,1.8,2,1.8,1.97,1.75,2.1,1.86,,,,,,,,,,,,,,,,,,,,,,,,,,,,,,,,,,,,,,,,,,,,
F2,09/10/2026,19:00,Sochaux,Boulogne,,2.25,3,3,2.25,3.2,3,2.3,3.2,3.1,2.25,3.25,3.1,2.2,3.2,3.1,2.15,3.1,3,2.3,3.25,3.2,2.25,3.15,3.07,2.44,3.2,3.35,2.25,1.62,2.25,1.67,2.2,1.61,2.46,1.67,-0.25,2,1.8,2,1.8,1.94,1.78,2.06,1.89,,,,,,,,,,,,,,,,,,,,,,,,,,,,,,,,,,,,,,,,,,,,
F2,10/10/2026,13:00,Clermont,Red Star,,3.4,3,2,3.4,3.4,2,3.4,3.3,2.05,3.5,3.4,2,3.4,3.4,2,3.3,3.25,1.95,3.65,3.4,2.08,3.44,3.3,2,3.75,3.4,2.08,2,1.8,2,1.8,1.94,1.77,2,1.86,0.5,1.73,2.08,1.77,2.08,1.73,2,1.83,2.08,,,,,,,,,,,,,,,,,,,,,,,,,,,,,,,,,,,,,,,,,,,,
F2,10/10/2026,13:00,Nantes,Reims,,2.05,3.2,3.3,2.05,3.4,3.2,2.05,3.4,3.25,2.1,3.5,3.25,2,3.4,3.2,2,3.3,3.1,2.15,3.5,3.33,2.06,3.37,3.22,2.2,3.65,3.4,1.9,1.9,1.9,1.93,1.83,1.89,1.9,1.98,-0.25,1.83,1.98,1.83,1.98,1.8,1.93,1.91,2.03,,,,,,,,,,,,,,,,,,,,,,,,,,,,,,,,,,,,,,,,,,,,
F2,10/10/2026,19:00,St Etienne,Rodez,,1.4,4.2,6,1.33,5,7,1.36,4.8,7,1.42,4.75,6.5,1.33,5,7,1.33,4.75,6.25,1.42,5.1,7,1.38,4.75,6.52,1.39,5.1,7.2,1.44,2.7,1.45,2.75,1.41,2.69,1.45,2.78,-1.5,2.08,1.73,2.1,1.75,2.02,1.71,2.07,1.81,,,,,,,,,,,,,,,,,,,,,,,,,,,,,,,,,,,,,,,,,,,,
F2,12/10/2026,19:45,Dijon,Metz,,2.55,3.2,2.45,2.6,3.5,2.38,2.6,3.5,2.45,2.65,3.5,2.4,2.6,3.5,2.4,2.45,3.25,2.3,2.65,3.5,2.55,2.59,3.4,2.42,1.42,1.13,1.42,1.7,2.1,1.73,2.1,1.69,2.05,,,0,1.95,1.85,1.95,1.85,1.91,1.81,,,,,,,,,,,,,,,,,,,,,,,,,,,,,,,,,,,,,,,,,,,,,,
G1,10/10/2026,17:30,AEK,OFI Crete,,1.19,5.75,12,1.2,6,11,1.2,5.75,11.5,1.25,6,10.5,1.18,6,12,1.2,5.25,8.5,1.25,6,12,1.21,5.77,10.33,1.28,6.2,11,1.5,2.5,1.5,2.55,1.48,2.5,1.53,2.58,-1.75,1.88,1.93,1.88,1.93,1.84,1.89,1.98,1.91,,,,,,,,,,,,,,,,,,,,,,,,,,,,,,,,,,,,,,,,,,,,
G1,10/10/2026,17:30,Asteras Tripolis,Atromitos,,2.35,3.2,3,2.3,3.1,3,2.3,3.1,3,2.35,3.25,2.9,2.3,3.1,2.9,2.2,2.9,2.8,2.35,3.25,3.1,2.29,3.12,2.95,2.38,3.25,3.3,2.25,1.62,2.25,1.65,2.22,1.59,2.4,1.66,-0.25,2,1.8,2,1.8,1.96,1.77,2.04,1.89,,,,,,,,,,,,,,,,,,,,,,,,,,,,,,,,,,,,,,,,,,,,
G1,11/10/2026,15:00,Iraklis,Levadeiakos,,2.2,3,3.5,2.25,3.1,3.1,2.2,3,3.25,2.25,3.2,3.2,2.25,3.1,3.1,2.15,2.9,2.9,2.25,3.2,3.5,2.2,3.02,3.19,2.3,3.1,3.65,2.4,1.53,2.4,1.57,2.34,1.53,2.22,1.5,-0.25,1.9,1.9,1.93,1.9,1.88,1.85,1.95,1.97,,,,,,,,,,,,,,,,,,,,,,,,,,,,,,,,,,,,,,,,,,,,
G1,11/10/2026,15:00,Kifisia,Panetolikos,,1.81,3.3,4.33,1.83,3.3,4,1.83,3.25,4.1,1.88,3.4,4,1.8,3.3,4,1.75,3.1,3.75,1.91,3.5,4.33,1.84,3.3,3.97,1.9,3.5,4.4,2.1,1.7,2.1,1.7,2.08,1.67,1.98,1.61,-0.5,1.85,1.95,1.9,1.95,1.83,1.87,1.9,2.01,,,,,,,,,,,,,,,,,,,,,,,,,,,,,,,,,,,,,,,,,,,,
G1,11/10/2026,17:00,Aris,Volos NFC,,1.46,3.9,7,1.5,4,6,1.5,3.9,6,1.49,4.33,6,1.44,4,6,1.44,3.6,5.25,1.5,4.33,7,1.48,4,5.91,1.55,4.1,6.6,1.9,1.9,1.9,1.91,1.82,1.89,1.91,1.87,-1,1.85,1.95,1.88,1.95,1.83,1.9,1.9,1.94,,,,,,,,,,,,,,,,,,,,,,,,,,,,,,,,,,,,,,,,,,,,
G1,11/10/2026,19:00,Olympiakos,Panathinaikos,,2.15,3.1,3.5,2.1,3.25,3.3,2.1,3.2,3.25,2.15,3.25,3.3,2.05,3.3,3.3,2,3,3,2.15,3.3,3.5,2.09,3.19,3.26,2.26,3.3,3.45,2.1,1.7,2.1,1.75,2.08,1.67,1.98,1.65,-0.25,1.85,1.95,1.85,1.95,1.82,1.91,1.94,1.97,,,,,,,,,,,,,,,,,,,,,,,,,,,,,,,,,,,,,,,,,,,,
G1,12/10/2026,16:00,PAOK,Kalamata,,1.17,7,12,1.2,6,11,,,,1.21,6.75,12,1.17,6.5,12,1.17,5.5,8.5,1.21,7,12,1.18,6.27,11.18,1.2,5.4,7.2,1.44,2.7,1.45,2.7,1.44,2.58,1.43,2.58,-2,1.98,1.83,1.98,1.83,1.94,1.81,2.07,1.77,,,,,,,,,,,,,,,,,,,,,,,,,,,,,,,,,,,,,,,,,,,,
I1,10/10/2026,14:00,Genoa,Fiorentina,,3.3,3.25,2.25,3.1,3.4,2.3,3.2,3.3,2.25,3.1,3.3,2.25,3.3,3.2,2.2,3.25,3.2,2.25,3.3,3.4,2.35,3.18,3.26,2.27,3.45,3.4,2.36,2.1,1.73,2.1,1.78,2.02,1.75,2.14,1.82,0.25,1.9,1.95,1.9,1.95,1.84,1.91,1.96,2.01,,,,,,,,,,,,,,,,,,,,,,,,,,,,,,,,,,,,,,,,,,,,
I1,10/10/2026,17:00,Inter,Parma,,1.14,8,19,1.14,8.5,17,1.11,9,20,1.16,8.25,16,1.11,9,19,1.11,8.5,17,1.16,9,21,1.13,8.38,17.13,1.16,10.5,23,1.36,3.2,1.36,3.3,1.33,3.16,1.38,3.45,-2.25,1.85,2,1.85,2,1.81,1.93,1.9,2.03,,,,,,,,,,,,,,,,,,,,,,,,,,,,,,,,,,,,,,,,,,,,
I1,10/10/2026,19:45,Napoli,Frosinone,,1.44,4.75,7,1.44,4.6,6.5,1.44,4.8,6.5,1.44,4.75,6.5,1.4,4.75,6.5,1.44,4.6,6.5,1.45,5,7.3,1.44,4.74,6.44,1.49,5.1,7.2,1.5,2.63,1.5,2.7,1.46,2.6,1.52,2.8,-1.25,1.93,1.93,1.93,1.93,1.88,1.86,1.99,1.94,,,,,,,,,,,,,,,,,,,,,,,,,,,,,,,,,,,,,,,,,,,,
I1,11/10/2026,11:30,Como,Roma,,2.6,3.5,2.6,2.5,3.6,2.6,2.5,3.6,2.5,2.55,3.7,2.55,2.6,3.4,2.5,2.6,3.4,2.6,2.62,3.7,2.62,2.54,3.54,2.56,2.74,3.7,2.74,1.67,2.2,1.67,2.3,1.61,2.22,1.66,2.4,0,1.93,1.93,1.93,1.93,1.87,1.87,1.99,1.99,,,,,,,,,,,,,,,,,,,,,,,,,,,,,,,,,,,,,,,,,,,,
I1,11/10/2026,14:00,Lazio,Monza,,1.57,4,6,1.57,4,6,1.55,4,5.75,1.6,4.1,5.5,1.57,3.8,5.5,1.57,3.9,5.75,1.6,4.1,6.4,1.57,3.98,5.66,1.63,4.2,6.4,1.85,2,1.91,2,1.84,1.9,1.92,2.04,-1,2.03,1.83,2.03,1.83,1.96,1.78,2.11,1.86,,,,,,,,,,,,,,,,,,,,,,,,,,,,,,,,,,,,,,,,,,,,
I1,11/10/2026,14:00,Lecce,Bologna,,4.2,3.3,1.85,3.75,3.4,2,4.1,3.4,1.87,4.2,3.3,1.95,4.33,3.3,1.85,4.2,3.25,1.85,4.33,3.4,2,4.1,3.34,1.91,4.7,3.5,1.97,2.1,1.73,2.1,1.73,2.07,1.71,2.2,1.79,0.5,1.93,1.93,1.93,1.93,1.85,1.87,2.02,1.97,,,,,,,,,,,,,,,,,,,,,,,,,,,,,,,,,,,,,,,,,,,,
I1,11/10/2026,17:00,Sassuolo,Milan,,4.33,3.6,1.75,4,3.75,1.83,4,3.7,1.8,4.1,3.8,1.8,4,3.7,1.8,4,3.6,1.8,4.33,3.8,1.88,4.04,3.71,1.81,4.5,3.95,1.89,1.73,2.1,1.75,2.1,1.72,2.04,1.79,2.18,0.5,2.05,1.8,2.05,1.8,1.95,1.78,2.1,1.89,,,,,,,,,,,,,,,,,,,,,,,,,,,,,,,,,,,,,,,,,,,,
I1,11/10/2026,19:45,Cagliari,Juventus,,7,3.75,1.55,6,4,1.57,6,3.9,1.53,6.25,3.9,1.57,6,3.8,1.53,6,3.9,1.55,7,4,1.57,6.13,3.89,1.55,7,4,1.61,2,1.85,2,1.85,1.95,1.79,2.1,1.87,1,1.85,2,1.85,2,1.8,1.94,1.88,2.06,,,,,,,,,,,,,,,,,,,,,,,,,,,,,,,,,,,,,,,,,,,,
I1,12/10/2026,17:30,Atalanta,Venezia,,1.57,4.2,5.75,1.57,4.33,5.5,1.53,4.33,5.25,1.57,4.2,5.5,1.5,4,5.5,1.53,4,5.75,1.57,4.4,6,1.55,4.18,5.52,1.6,4.3,6.4,1.57,2.38,1.57,2.45,1.54,2.38,1.59,2.54,-1,1.93,1.93,1.93,1.93,1.88,1.86,1.97,1.95,,,,,,,,,,,,,,,,,,,,,,,,,,,,,,,,,,,,,,,,,,,,
I1,12/10/2026,19:45,Torino,Udinese,,2.3,3.2,3.3,2.3,3.3,3.2,2.25,3.25,3.1,2.35,3.25,3.1,2.3,3.1,3.1,2.3,3.1,3.1,2.4,3.3,3.3,2.31,3.19,3.12,2.44,3.3,3.35,2.1,1.73,2.15,1.73,2.09,1.7,2.24,1.76,-0.25,2,1.85,2,1.85,1.94,1.8,2.07,1.9,,,,,,,,,,,,,,,,,,,,,,,,,,,,,,,,,,,,,,,,,,,,
I2,09/10/2026,19:30,Avellino,Sampdoria,,2.55,3.1,2.55,2.63,3.2,2.5,2.55,3.2,2.55,2.65,3.3,2.5,2.5,3.1,2.7,2.45,3,2.6,2.7,3.3,2.7,2.59,3.18,2.56,2.82,3.25,2.86,2.05,1.75,2.05,1.83,1.96,1.75,2.14,1.86,0,1.9,1.9,1.93,1.9,1.88,1.84,1.96,2,,,,,,,,,,,,,,,,,,,,,,,,,,,,,,,,,,,,,,,,,,,,
I2,10/10/2026,14:00,Benevento,Cesena,,1.76,3.4,4.2,1.83,3.6,3.75,1.87,3.5,3.6,1.88,3.6,3.8,1.8,3.6,3.8,1.8,3.5,3.6,1.9,3.6,4.2,1.85,3.52,3.77,1.98,3.6,3.95,1.83,1.98,1.83,2,1.78,1.95,1.83,2.04,-0.5,1.9,1.9,1.9,1.93,1.84,1.87,1.98,1.92,,,,,,,,,,,,,,,,,,,,,,,,,,,,,,,,,,,,,,,,,,,,
I2,10/10/2026,14:00,Empoli,Palermo,,3.7,3.5,1.86,3.4,3.5,1.95,3.4,3.5,1.95,3.5,3.5,1.98,3.4,3.6,1.91,3.3,3.5,1.85,3.7,3.6,1.98,3.47,3.49,1.94,3.8,3.55,2.04,1.8,2,1.8,2,1.74,1.99,1.86,2.04,0.5,1.83,1.98,1.83,1.98,1.8,1.92,1.87,2.04,,,,,,,,,,,,,,,,,,,,,,,,,,,,,,,,,,,,,,,,,,,,
I2,10/10/2026,14:00,Sudtirol,Ascoli,,2.32,3.2,2.85,2.38,3.2,2.8,2.38,3.2,2.75,2.35,3.25,2.9,2.3,3.2,2.8,2.3,3.1,2.75,2.5,3.25,2.92,2.37,3.18,2.82,2.6,3.1,2.94,2,1.8,2,1.8,1.96,1.77,2.08,1.81,0,1.73,2.08,1.73,2.1,1.72,2.03,1.81,2.07,,,,,,,,,,,,,,,,,,,,,,,,,,,,,,,,,,,,,,,,,,,,
I2,10/10/2026,14:00,Virtus Entella,Juve Stabia,,1.91,3.2,3.75,2.1,3.2,3.3,2,3.25,3.5,2.05,3.25,3.7,2.1,3.1,3.3,2.1,3,3.25,2.15,3.25,4,2.05,3.15,3.55,2.12,3.15,4.1,2.1,1.7,2.1,1.7,2.07,1.68,2.22,1.74,-0.5,2.03,1.78,2.1,1.8,2,1.73,2.13,1.8,,,,,,,,,,,,,,,,,,,,,,,,,,,,,,,,,,,,,,,,,,,,
I2,10/10/2026,16:15,Vicenza,Pisa,,2.85,3.3,2.2,2.8,3.4,2.3,2.8,3.4,2.25,2.9,3.4,2.25,2.8,3.4,2.2,2.75,3.3,2.15,2.9,3.5,2.3,2.84,3.36,2.25,3.05,3.35,2.4,1.8,2,1.8,2,1.74,1.99,1.86,2.06,0.25,1.8,2,1.8,2,1.77,1.97,1.85,2.06,,,,,,,,,,,,,,,,,,,,,,,,,,,,,,,,,,,,,,,,,,,,
I2,10/10/2026,18:30,Arezzo,Cremonese,,3,3.1,2.25,2.88,3.1,2.38,2.88,3.13,2.38,2.9,3.2,2.37,2.8,3.2,2.3,2.75,3.1,2.3,3,3.25,2.42,2.89,3.13,2.35,3.2,3.05,2.48,2.1,1.7,2.1,1.73,2.05,1.7,2.2,1.72,0.25,1.78,2.03,1.78,2.05,1.73,2.01,1.81,2.09,,,,,,,,,,,,,,,,,,,,,,,,,,,,,,,,,,,,,,,,,,,,
I2,11/10/2026,14:00,Catanzaro,Mantova,,2.25,3.1,3.1,2.3,3.4,2.75,2.3,3.4,2.75,2.3,3.5,2.8,2.3,3.4,2.7,2.25,3.3,2.63,2.38,3.5,3.1,2.29,3.34,2.81,2.34,3.45,2.98,1.8,2,1.8,2.05,1.73,2,1.83,2.04,-0.25,2.03,1.78,2.03,1.78,1.98,1.76,,,,,,,,,,,,,,,,,,,,,,,,,,,,,,,,,,,,,,,,,,,,,,
I2,11/10/2026,16:15,Padova,Carrarese,,1.86,3.3,3.8,2.05,3.4,3.3,1.9,3.4,3.6,1.93,3.5,3.7,2,3.4,3.3,1.95,3.3,3.25,2.05,3.5,4,1.94,3.36,3.59,1.97,3.35,3.65,1.9,1.9,1.9,1.91,1.84,1.86,1.92,1.89,-0.5,1.95,1.85,2,1.85,1.91,1.81,,,,,,,,,,,,,,,,,,,,,,,,,,,,,,,,,,,,,,,,,,,,,,
I2,11/10/2026,18:30,Modena,Verona,,1.91,3.2,3.8,1.95,3.3,3.6,1.95,3.3,3.6,1.95,3.4,3.75,1.95,3.3,3.6,1.91,3.25,3.5,2,3.4,3.8,1.95,3.29,3.63,1.98,3.25,3.85,2.05,1.75,2.05,1.8,1.97,1.74,2.02,1.7,-0.5,2,1.8,2,1.8,1.93,1.78,,,,,,,,,,,,,,,,,,,,,,,,,,,,,,,,,,,,,,,,,,,,,,
N1,09/10/2026,19:00,PSV Eindhoven,Heerenveen,,1.27,6,8.5,1.25,6,8,1.25,6.5,8.5,1.3,6.5,7.75,1.22,6.5,8,1.22,6,7,1.3,7,8.5,1.26,6.41,7.7,1.3,7.4,9.4,1.18,4.5,1.19,5.5,1.16,4.72,1.19,6,-1.75,1.8,2,1.8,2,1.79,1.94,1.91,2.02,,,,,,,,,,,,,,,,,,,,,,,,,,,,,,,,,,,,,,,,,,,,
N1,10/10/2026,15:30,Go Ahead Eagles,Sparta Rotterdam,,1.75,4,4.1,1.73,4,3.75,1.73,4.2,4,1.77,4.2,3.9,1.7,4,3.8,1.67,3.9,3.6,1.78,4.2,4.25,1.74,4.06,3.92,1.79,4.2,4.5,1.4,2.88,1.42,3,1.37,2.89,1.4,3,-0.75,1.93,1.88,1.98,1.88,1.91,1.82,1.96,1.95,,,,,,,,,,,,,,,,,,,,,,,,,,,,,,,,,,,,,,,,,,,,
N1,10/10/2026,17:45,Feyenoord,AZ Alkmaar,,1.8,4.2,3.75,1.8,4,3.6,1.8,4.1,3.7,1.82,4,3.9,1.75,4,3.7,1.73,3.8,3.5,1.84,4.2,4,1.8,3.96,3.76,1.88,3.95,4.3,1.4,2.88,1.45,3,1.39,2.82,1.44,2.94,-0.5,1.78,2.03,1.83,2.03,1.77,1.97,1.87,2.04,,,,,,,,,,,,,,,,,,,,,,,,,,,,,,,,,,,,,,,,,,,,
N1,10/10/2026,19:00,For Sittard,Twente,,6,5,1.44,6.5,5,1.36,6.5,5,1.4,6,5.25,1.44,6.5,5,1.33,6,4.75,1.33,6.75,5.25,1.45,6.16,4.99,1.41,6.6,5.1,1.48,1.36,3.1,1.4,3.1,1.35,3,1.41,3.25,1.25,1.93,1.88,1.93,1.88,1.89,1.84,1.93,1.92,,,,,,,,,,,,,,,,,,,,,,,,,,,,,,,,,,,,,,,,,,,,
N1,10/10/2026,20:00,Ajax,Nijmegen,,1.3,5.5,8.5,1.29,5.5,8,1.29,5.75,8.5,1.33,6,7.5,1.25,5.5,8,1.25,5.5,7.5,1.33,6,8.5,1.3,5.74,7.74,1.34,6,8.6,1.3,3.5,1.33,3.6,1.29,3.4,1.33,2.18,-1.5,1.8,2,1.8,2.02,1.77,1.98,1.76,1.94,,,,,,,,,,,,,,,,,,,,,,,,,,,,,,,,,,,,,,,,,,,,
N1,11/10/2026,11:15,Utrecht,Willem II,,1.5,4.33,6,1.44,4.5,5.5,1.5,4.5,5.5,1.53,4.6,5.5,1.4,4.5,5.5,1.4,4.33,5.25,1.53,4.75,6.2,1.48,4.53,5.58,1.56,4.7,6.4,1.48,2.6,1.5,2.75,1.44,2.62,1.02,1.25,-1.25,2.03,1.78,2.03,1.78,2,1.75,,,,,,,,,,,,,,,,,,,,,,,,,,,,,,,,,,,,,,,,,,,,,,
N1,11/10/2026,13:30,Telstar,Den Haag,,2,3.8,3.3,1.95,3.75,3.2,2,3.8,3.25,2.05,3.75,3.3,1.95,3.8,3.1,1.91,3.6,3,2.05,3.85,3.3,2,3.74,3.23,2.08,3.8,3.45,1.53,2.4,1.55,2.55,1.51,2.42,1.59,1.25,-0.5,2,1.8,2,1.8,1.96,1.77,,,,,,,,,,,,,,,,,,,,,,,,,,,,,,,,,,,,,,,,,,,,,,
N1,11/10/2026,13:30,Zwolle,Cambuur,,1.95,3.75,3.5,1.91,3.75,3.3,1.91,3.9,3.5,1.93,3.9,3.5,1.87,3.8,3.3,1.85,3.6,3.25,2,4,3.6,1.92,3.84,3.38,1.98,4,3.75,1.53,2.4,1.54,2.63,1.48,2.51,1.5,1.25,-0.5,1.95,1.85,1.98,1.85,1.91,1.82,,,,,,,,,,,,,,,,,,,,,,,,,,,,,,,,,,,,,,,,,,,,,,
N1,11/10/2026,15:45,Excelsior,Groningen,,2.55,3.6,2.55,2.5,3.6,2.4,2.5,3.7,2.5,2.55,3.6,2.55,2.5,3.6,2.4,2.45,3.5,2.38,2.6,3.75,2.55,2.51,3.62,2.48,1.12,3.65,2.54,1.53,2.4,1.58,2.45,1.53,2.38,1.01,1.1,0,1.9,1.9,1.9,1.9,1.87,1.86,,,,,,,,,,,,,,,,,,,,,,,,,,,,,,,,,,,,,,,,,,,,,,
P1,09/10/2026,18:45,Moreirense,Gil Vicente,,3.25,3.1,2.25,3.1,3,2.3,3.1,3,2.3,3.25,3.1,2.25,3.3,3.1,2.25,3.25,3.25,2.2,3.3,3.25,2.38,3.2,3.08,2.29,3.5,3.2,2.44,2.4,1.53,2.4,1.62,2.33,1.55,2.58,1.62,0.25,1.85,2,1.85,2,1.79,1.94,1.91,2.07,,,,,,,,,,,,,,,,,,,,,,,,,,,,,,,,,,,,,,,,,,,,
P1,09/10/2026,20:15,Sp Braga,Sp Lisbon,,3.1,3.2,2.25,3,3.3,2.2,3,3.2,2.25,3,3.2,2.3,3.1,3.3,2.25,3,3.4,2.2,3.1,3.4,2.38,3.04,3.25,2.28,3.35,3.45,2.4,2.08,1.73,2.08,1.83,2,1.74,2.14,1.85,0.25,1.83,2.03,1.83,2.03,1.79,1.96,1.92,2.05,,,,,,,,,,,,,,,,,,,,,,,,,,,,,,,,,,,,,,,,,,,,
P1,10/10/2026,15:30,Casa Pia,Santa Clara,,4.5,3.25,1.81,4.2,3.25,1.83,4.33,3.25,1.8,4.33,3.25,1.88,4.4,3.3,1.85,4.2,3.25,1.83,4.5,3.5,1.93,4.31,3.28,1.85,4.7,3.45,1.91,2.3,1.6,2.38,1.62,2.28,1.57,2.34,1.65,0.5,2,1.85,2,1.9,1.9,1.83,2.04,1.91,,,,,,,,,,,,,,,,,,,,,,,,,,,,,,,,,,,,,,,,,,,,
P1,10/10/2026,18:00,Maritimo,Porto,,8.5,5,1.3,9.5,4.6,1.3,9,4.6,1.3,9.25,5,1.32,10,5,1.29,9,4.75,1.29,11.5,5.2,1.35,9.3,4.87,1.31,11.5,5.5,1.33,1.9,1.95,1.9,1.95,1.84,1.88,1.9,1.93,1.5,1.8,2.05,1.91,2.05,1.78,1.96,1.85,2.06,,,,,,,,,,,,,,,,,,,,,,,,,,,,,,,,,,,,,,,,,,,,
P1,10/10/2026,20:30,Academico Viseu,Estoril,,2.25,3.4,3,2.2,3.4,2.88,2.2,3.3,3,2.3,3.4,2.9,2.2,3.5,3,2.2,3.4,3,2.3,3.5,3.1,2.24,3.38,2.99,2.28,3.4,3.35,1.93,1.93,1.93,1.93,1.87,1.85,1.58,1.73,-0.25,2,1.85,2,1.85,1.92,1.81,1.97,1.91,,,,,,,,,,,,,,,,,,,,,,,,,,,,,,,,,,,,,,,,,,,,
P1,11/10/2026,15:30,Rio Ave,Nacional,,2.2,3.2,3.2,2.2,3.25,3.1,2.25,3.2,3,2.25,3.25,3.1,2.25,3.25,3.1,2.25,3.2,3.1,2.3,3.3,3.2,2.25,3.24,3.09,1.12,1.62,1.62,2.1,1.7,2.1,1.73,2.05,1.7,2.1,1.8,-0.25,1.98,1.88,1.98,1.88,1.91,1.82,,,,,,,,,,,,,,,,,,,,,,,,,,,,,,,,,,,,,,,,,,,,,,
P1,11/10/2026,18:00,Benfica,Guimaraes,,1.19,6,12,1.2,6,11,1.18,6,11.5,1.24,6,12,1.17,6.5,13,1.2,6.25,11,1.25,6.5,13.5,1.21,6.15,11.59,1.23,7.4,16,1.48,2.6,1.48,2.7,1.44,2.61,1.46,2.84,-1.75,1.83,2.03,1.83,2.03,1.78,1.97,,,,,,,,,,,,,,,,,,,,,,,,,,,,,,,,,,,,,,,,,,,,,,
P1,11/10/2026,20:30,Arouca,Estrela,,2.05,3.3,3.5,2.05,3.4,3.2,2.05,3.3,3.25,2.15,3.3,3.2,2.05,3.5,3.25,2.05,3.4,3.2,2.2,3.5,3.5,2.09,3.37,3.28,2.12,3.35,2.76,1.9,1.95,1.91,1.95,1.84,1.89,1.89,1.8,-0.25,1.83,2.03,1.83,2.03,1.79,1.95,,,,,,,,,,,,,,,,,,,,,,,,,,,,,,,,,,,,,,,,,,,,,,
P1,12/10/2026,20:15,Famalicao,Alverca,,1.79,3.3,4.75,1.83,3.4,4,1.8,3.4,4.1,1.83,3.3,4.5,1.85,3.5,4,1.8,3.3,3.8,1.88,3.5,4.75,1.83,3.35,4.29,1.94,3.35,4.7,2.08,1.73,2.08,1.77,2,1.74,,,-0.5,1.83,2.03,1.83,2.03,1.8,1.93,,,,,,,,,,,,,,,,,,,,,,,,,,,,,,,,,,,,,,,,,,,,,,
SC0,10/10/2026,15:00,Dundee United,Hibernian,D Robertson,2.57,3.6,2.35,2.63,3.75,2.5,2.6,3.5,2.38,2.7,3.5,2.37,2.7,3.4,2.5,2.63,3.25,2.45,2.75,3.75,2.5,2.66,3.54,2.4,2.82,3.7,2.46,1.67,2.2,1.67,2.25,1.62,2.2,1.22,2.2,0,2.03,1.83,2.03,1.83,1.96,1.78,2.09,1.82,,,,,,,,,,,,,,,,,,,,,,,,,,,,,,,,,,,,,,,,,,,,
SC0,10/10/2026,15:00,Falkirk,Dundee,D Dickinson,1.96,3.6,3.5,2.05,3.6,3.4,1.95,3.5,3.4,2,3.5,3.4,2.1,3.3,3.5,2.1,3.2,3.4,2.1,3.6,3.5,2.03,3.49,3.42,1.92,3.55,1.91,1.73,2.1,1.8,2.1,1.73,2.02,1.47,2.06,-0.5,2.03,1.83,2.03,1.83,1.98,1.76,1.92,1.87,,,,,,,,,,,,,,,,,,,,,,,,,,,,,,,,,,,,,,,,,,,,
SC0,10/10/2026,15:00,Hearts,St Mirren,N Walsh,1.42,5,5.75,1.44,4.6,6.5,1.44,4.5,6,1.47,4.6,5.75,1.44,5,5.5,1.44,5,5,1.48,5,6.5,1.45,4.74,5.89,1.46,4.7,6,1.53,2.5,1.53,2.55,1.49,2.5,1.55,2.14,-1.25,2,1.85,2,1.85,1.93,1.81,1.99,1.87,,,,,,,,,,,,,,,,,,,,,,,,,,,,,,,,,,,,,,,,,,,,
SC0,10/10/2026,15:00,Rangers,Kilmarnock,M MacDermid,1.11,7.5,17,1.14,8.5,17,1.13,7.5,15,1.16,8,14.5,1.13,8.5,16,1.13,7.5,13,1.17,8.5,17.5,1.14,7.75,15.13,1.17,8.6,19,1.36,3.2,1.36,3.3,1.33,3.15,1.36,3.3,-2.25,1.95,1.9,1.95,1.9,1.88,1.85,1.97,1.91,,,,,,,,,,,,,,,,,,,,,,,,,,,,,,,,,,,,,,,,,,,,
SC0,11/10/2026,12:00,Motherwell,Celtic,S McLean,4.75,4.5,1.53,5,4.5,1.6,4.8,4.2,1.55,4.8,4.33,1.58,5,4.5,1.5,5,4.33,1.5,5,4.5,1.62,4.77,4.37,1.57,4.8,4.5,1.66,1.44,2.75,1.48,2.75,1.44,2.64,1.14,2.34,1,1.85,2,1.85,2,1.8,1.94,1.85,2.02,,,,,,,,,,,,,,,,,,,,,,,,,,,,,,,,,,,,,,,,,,,,
SC0,11/10/2026,14:00,Aberdeen,St Johnstone,R Lee,2.1,3.4,3.25,2.2,3.5,3.2,2.15,3.3,3.13,2.2,3.3,3.2,2.2,3.2,3.3,2.2,3.1,3.2,2.2,3.5,3.3,2.17,3.34,3.19,2.22,3.65,3.35,1.98,1.88,1.98,1.9,1.89,1.83,1.94,1.25,-0.25,1.9,1.95,1.9,1.95,1.85,1.89,,,,,,,,,,,,,,,,,,,,,,,,,,,,,,,,,,,,,,,,,,,,,,
SC1,10/10/2026,15:00,Arbroath,Morton,C Stirling,1.75,3.3,4,1.8,3.4,4.33,1.75,3.4,4.33,1.75,3.4,3.9,1.73,3.5,4.5,1.7,3.4,4.2,1.83,3.5,4.5,1.76,3.38,4.19,1.8,3.4,4.5,2.1,1.7,2.1,1.75,2.05,1.69,1.96,1.74,-0.5,1.78,2.03,1.8,2.03,1.76,1.94,1.8,2.04,,,,,,,,,,,,,,,,,,,,,,,,,,,,,,,,,,,,,,,,,,,,
SC1,10/10/2026,15:00,Ayr,Dunfermline,D McFarlane,3.1,3.2,2.15,3.1,3.25,2.2,3.1,3.25,2.15,3,3.2,2.1,3.1,3.3,2.15,3,3.1,2.15,3.25,3.3,2.2,3.09,3.22,2.15,3.15,1.67,2.24,2,1.8,2,1.8,1.96,1.75,1.48,1.65,0.25,1.9,1.9,1.9,1.9,1.85,1.86,1.88,1.91,,,,,,,,,,,,,,,,,,,,,,,,,,,,,,,,,,,,,,,,,,,,
SC1,10/10/2026,15:00,Inverness C,Stenhousemuir,C Steven,1.83,3.25,3.7,1.83,3.3,4,1.85,3.3,4,1.82,3.3,3.6,1.8,3.4,4,1.8,3.25,3.8,1.88,3.6,4.2,1.83,3.37,3.86,2.02,3.5,4,2.08,1.73,2.1,1.75,2.03,1.71,1.07,1.81,-0.5,1.9,1.9,1.9,1.91,1.83,1.87,2.02,1.91,,,,,,,,,,,,,,,,,,,,,,,,,,,,,,,,,,,,,,,,,,,,
SC1,10/10/2026,15:00,Livingston,Partick,C Scott,2.25,3.1,2.9,2.25,3.5,2.8,2.25,3.4,2.8,2.2,3.25,2.75,2.2,3.5,2.8,2.15,3.4,2.7,2.3,3.5,2.9,2.24,3.35,2.8,2.34,3.4,2.82,1.8,2,1.8,2,1.77,1.95,1.27,2.02,-0.25,2,1.8,2,1.8,1.96,1.76,2.02,1.28,,,,,,,,,,,,,,,,,,,,,,,,,,,,,,,,,,,,,,,,,,,,
SC1,10/10/2026,15:00,Raith Rvs,Queens Park,R Hardie,1.45,3.8,6,1.5,4,6,1.5,3.8,6,1.49,3.9,5.5,1.44,4,6,1.44,3.75,5.75,1.5,4,6.25,1.48,3.89,5.91,1.45,4.1,1.13,1.9,1.9,1.93,1.9,1.89,1.81,1.46,1.8,-1,1.85,1.95,1.85,1.95,1.83,1.89,1.81,1.96,,,,,,,,,,,,,,,,,,,,,,,,,,,,,,,,,,,,,,,,,,,,
SC2,10/10/2026,15:00,Alloa,Hamilton,J Curran,3.8,3.6,1.73,4,3.6,1.73,4,3.5,1.8,3.9,3.5,1.73,4,3.7,1.73,3.9,3.5,1.7,4,3.7,1.8,3.94,3.55,1.75,3.6,3.45,1.71,1.8,2,1.8,2,1.74,1.97,1.8,1.83,0.5,2.03,1.78,2.03,1.8,1.95,1.76,1.9,1.71,,,,,,,,,,,,,,,,,,,,,,,,,,,,,,,,,,,,,,,,,,,,
SC2,10/10/2026,15:00,Cove Rangers,East Fife,E Birch,2.2,3.3,2.88,2.15,3.3,2.88,2.2,3.25,3,2.15,3.2,2.9,2.15,3.4,2.9,2.15,3.25,2.88,2.25,3.4,3,2.18,3.25,2.94,2.2,2.9,3.05,1.95,1.85,1.95,1.87,1.88,1.82,1.92,1.93,-0.25,1.95,1.85,1.95,1.85,1.89,1.81,1.9,1.84,,,,,,,,,,,,,,,,,,,,,,,,,,,,,,,,,,,,,,,,,,,,
SC2,10/10/2026,15:00,East Kilbride,Airdrie Utd,L Wilson,1.83,3.5,3.6,1.83,3.5,3.5,1.85,3.6,3.6,1.82,3.5,3.4,1.85,3.6,3.6,1.83,3.5,3.5,1.88,3.75,3.6,1.84,3.57,3.51,1.88,3.75,3.25,1.7,2.1,1.7,2.1,1.68,2.07,1.71,2.04,-0.5,1.88,1.93,1.88,1.93,1.83,1.85,1.88,2.05,,,,,,,,,,,,,,,,,,,,,,,,,,,,,,,,,,,,,,,,,,,,
SC2,10/10/2026,15:00,Montrose,Ross County,S Murdoch,5.75,4.33,1.42,6,4.33,1.4,6.5,4.4,1.4,5.75,4.4,1.4,6.5,4.5,1.36,6,4.33,1.36,6.5,4.75,1.44,5.97,4.43,1.4,5.9,4.5,1.42,1.53,2.38,1.58,2.5,1.5,2.43,1.01,2.5,1.25,1.88,1.93,1.88,1.93,1.82,1.88,1.87,1.88,,,,,,,,,,,,,,,,,,,,,,,,,,,,,,,,,,,,,,,,,,,,
SC2,10/10/2026,15:00,Peterhead,Queen of Sth,J Kennedy,1.9,3.7,3.25,2,3.6,3,1.93,3.7,3.3,1.88,3.5,3.25,2,3.7,3.1,1.95,3.5,3,2,3.7,3.4,1.94,3.58,3.22,1.86,3.1,3.1,1.62,2.25,1.62,2.38,1.56,2.27,1.01,2.12,-0.5,1.93,1.88,1.95,1.88,1.92,1.79,1.86,1.69,,,,,,,,,,,,,,,,,,,,,,,,,,,,,,,,,,,,,,,,,,,,
SC3,10/10/2026,15:00,Annan Athletic,Stranraer,J Wilkie,2.55,3.4,2.35,2.5,3.4,2.38,2.55,3.4,2.4,2.5,3.4,2.35,2.6,3.5,2.4,2.5,3.4,2.38,2.6,3.5,2.45,2.54,3.41,2.38,2.36,3.45,2.22,1.7,2.1,1.7,2.1,1.66,2.09,1.57,1.98,0,1.95,1.85,1.95,1.85,1.9,1.8,1.94,1.71,,,,,,,,,,,,,,,,,,,,,,,,,,,,,,,,,,,,,,,,,,,,
SC3,10/10/2026,15:00,Clyde,Dumbarton,G Soutar,1.57,3.9,4.33,1.53,4.2,4.6,1.53,4.2,4.75,1.53,4.1,4.5,1.5,4.33,4.75,1.5,4.2,4.6,1.58,4.33,4.75,1.54,4.12,4.63,1.49,1.12,4.6,1.44,2.63,1.45,2.75,1.41,2.66,1.39,2.36,-1,1.98,1.83,1.98,1.83,1.9,1.81,1.74,1.83,,,,,,,,,,,,,,,,,,,,,,,,,,,,,,,,,,,,,,,,,,,,
SC3,10/10/2026,15:00,Edinburgh City,Spartans,J Hay,2.55,3.4,2.3,2.5,3.5,2.38,2.6,3.4,2.38,2.45,3.4,2.35,2.6,3.6,2.3,2.5,3.5,2.3,2.65,3.6,2.4,2.55,3.45,2.36,2.48,3,2.4,1.67,2.15,1.67,2.2,1.63,2.13,1.59,1.96,0,2,1.8,2,1.8,1.94,1.77,1.86,1.68,,,,,,,,,,,,,,,,,,,,,,,,,,,,,,,,,,,,,,,,,,,,
SC3,10/10/2026,15:00,Forfar,Elgin,R Birrell,3.2,3.5,1.91,3.2,3.5,1.95,3.3,3.5,1.95,3.2,3.4,1.93,3.3,3.6,1.95,3.1,3.5,1.91,3.3,3.6,2,3.23,3.5,1.95,2.96,3.05,1.88,1.7,2.1,1.73,2.1,1.69,2.05,1.64,1.87,0.5,1.83,1.98,1.83,2,1.76,1.95,1.72,1.88,,,,,,,,,,,,,,,,,,,,,,,,,,,,,,,,,,,,,,,,,,,,
SC3,10/10/2026,15:00,Stirling,Kelty Hearts,D Graves,2.35,3.5,2.45,2.38,3.5,2.5,2.4,3.5,2.5,2.37,3.5,2.4,2.4,3.6,2.5,2.38,3.5,2.45,2.4,3.6,2.57,2.37,3.52,2.48,2.34,3.55,2.56,1.62,2.25,1.62,2.25,1.59,2.22,1.6,2.22,0,1.85,1.95,1.85,1.95,1.8,1.9,1.8,1.98,,,,,,,,,,,,,,,,,,,,,,,,,,,,,,,,,,,,,,,,,,,,
SP1,09/10/2026,20:00,Malaga,Espanol,,2.9,3.2,2.55,2.8,3,2.6,2.8,3.3,2.55,2.7,3.2,2.6,2.8,3.1,2.6,2.8,3.2,2.6,2.9,3.3,2.62,2.8,3.18,2.57,3,3.3,2.7,2,1.8,2.05,1.8,2,1.76,2.14,1.86,0,2.05,1.8,2.05,1.83,1.97,1.78,2.1,1.88,,,,,,,,,,,,,,,,,,,,,,,,,,,,,,,,,,,,,,,,,,,,
SP1,10/10/2026,13:00,Vallecano,Ath Bilbao,,2.7,3.4,2.6,2.75,3.4,2.5,2.7,3.4,2.55,2.7,3.4,2.55,2.7,3.3,2.6,2.63,3.25,2.6,2.75,3.4,2.6,2.7,3.34,2.55,2.84,3.5,2.72,1.91,1.91,1.91,1.91,1.86,1.86,1.97,1.97,0,1.98,1.88,1.98,1.88,1.92,1.82,2.02,1.95,,,,,,,,,,,,,,,,,,,,,,,,,,,,,,,,,,,,,,,,,,,,
SP1,10/10/2026,15:15,Alaves,Ath Madrid,,4.1,3.8,1.8,4.2,3.75,1.83,4.33,3.7,1.8,4.33,3.7,1.8,4.5,3.6,1.75,4.33,3.6,1.75,4.5,3.8,1.85,4.23,3.69,1.8,4.7,3.85,1.87,1.91,1.91,1.91,2,1.8,1.94,1.93,2.04,0.5,2.05,1.8,2.05,1.8,1.99,1.76,2.13,1.87,,,,,,,,,,,,,,,,,,,,,,,,,,,,,,,,,,,,,,,,,,,,
SP1,10/10/2026,17:30,Barcelona,Getafe,,1.08,12,23,1.08,11,26,1.06,13,29,1.08,11.5,26,1.06,14,23,1.06,13,21,1.1,15,29,1.08,11.73,23.81,1.1,16.5,32,1.25,4,1.27,4,1.24,3.78,1.29,4.3,-2.75,1.93,1.93,1.93,1.93,1.86,1.88,1.92,2,,,,,,,,,,,,,,,,,,,,,,,,,,,,,,,,,,,,,,,,,,,,
SP1,10/10/2026,20:00,Real Madrid,Villarreal,,1.38,6,6.25,1.36,5.5,7.5,1.36,5.5,7,1.38,5.5,6.5,1.33,5.5,7,1.33,5.75,7,1.4,6,7.5,1.36,5.61,6.69,1.38,6.2,8,1.29,3.75,1.29,3.8,1.26,3.64,1.31,4,-1.5,1.95,1.9,1.95,1.9,1.88,1.85,2.01,1.94,,,,,,,,,,,,,,,,,,,,,,,,,,,,,,,,,,,,,,,,,,,,
SP1,11/10/2026,13:00,Elche,Celta,,2.8,3.2,2.63,2.75,3.4,2.5,2.63,3.2,2.5,2.8,3.25,2.55,2.63,3.25,2.6,2.7,3.25,2.6,2.8,3.4,2.63,2.72,3.25,2.55,2.92,3.4,2.68,2,1.8,2,1.8,1.96,1.78,2.04,1.93,0,2,1.85,2,1.85,1.94,1.8,2.06,1.89,,,,,,,,,,,,,,,,,,,,,,,,,,,,,,,,,,,,,,,,,,,,
SP1,11/10/2026,15:15,Sociedad,La Coruna,,1.62,3.9,5.5,1.62,4,5.5,1.57,3.9,5,1.62,4,5.25,1.6,3.8,5,1.6,3.9,5.25,1.65,4,5.5,1.61,3.93,5.19,1.66,4.2,5.9,1.73,2.1,1.75,2.1,1.72,2.04,1.8,2.16,-1,2.05,1.8,2.1,1.8,2.03,1.73,2.11,1.85,,,,,,,,,,,,,,,,,,,,,,,,,,,,,,,,,,,,,,,,,,,,
SP1,11/10/2026,17:30,Betis,Osasuna,,1.57,4,6,1.53,4.2,6,1.5,4,5.5,1.57,4.2,5.5,1.5,4.2,5.5,1.53,4.2,5.75,1.57,4.33,6.4,1.53,4.17,5.63,1.59,4.5,6.4,1.73,2.1,1.73,2.1,1.72,2.04,1.81,2.16,-1,1.95,1.9,1.95,1.9,1.89,1.85,2.01,1.94,,,,,,,,,,,,,,,,,,,,,,,,,,,,,,,,,,,,,,,,,,,,
SP1,11/10/2026,20:00,Santander,Valencia,,2.3,3.6,3,2.3,3.6,2.88,2.2,3.5,2.8,2.3,3.6,2.9,2.25,3.4,2.88,2.3,3.4,2.9,2.32,3.6,3,2.28,3.51,2.89,2.42,3.7,3.05,1.67,2.2,1.67,2.2,1.64,2.18,1.71,2.32,-0.25,2,1.85,2,1.85,1.95,1.79,2.09,1.88,,,,,,,,,,,,,,,,,,,,,,,,,,,,,,,,,,,,,,,,,,,,
SP1,12/10/2026,20:00,Levante,Sevilla,,2.75,3.25,2.63,2.75,3.3,2.6,2.63,3.2,2.5,2.65,3.3,2.6,2.63,3.3,2.5,2.63,3.3,2.5,2.78,3.3,2.64,2.68,3.27,2.56,2.86,3.35,2.68,2,1.8,2.05,1.8,1.99,1.75,2.02,1.77,0,1.98,1.88,1.98,1.88,1.91,1.82,2.05,1.91,,,,,,,,,,,,,,,,,,,,,,,,,,,,,,,,,,,,,,,,,,,,
SP2,10/10/2026,15:15,Ceuta,Sabadell,,3.3,3.1,2.2,3.1,3.25,2.2,3.1,3.2,2.2,3,3.2,2.2,3.1,3.25,2.1,3,3.1,2.1,3.3,3.3,2.28,3.09,3.19,2.2,3.35,3.6,2.28,2.08,1.73,2.1,1.8,2.01,1.73,2.1,1.81,0.25,1.85,1.95,1.85,1.95,1.82,1.91,,,,,,,,,,,,,,,,,,,,,,,,,,,,,,,,,,,,,,,,,,,,,,
SP2,10/10/2026,17:30,Eldense,Cordoba,,2.32,3.7,2.65,2.3,3.6,2.63,2.3,3.6,2.63,2.3,3.5,2.65,2.3,3.6,2.6,2.25,3.5,2.5,2.38,3.7,2.75,2.3,3.56,2.64,2.32,3.75,2.8,1.6,2.3,1.62,2.3,1.57,2.25,1.62,2.4,-0.25,2.03,1.78,2.05,1.78,2.02,1.73,2.08,1.86,,,,,,,,,,,,,,,,,,,,,,,,,,,,,,,,,,,,,,,,,,,,
SP2,10/10/2026,20:00,Celta B,Sociedad B,,2.25,3.4,3,2.2,3.5,2.88,2.2,3.4,2.88,2.2,3.4,2.85,2.15,3.4,2.88,2.15,3.3,2.8,2.32,3.5,3,2.22,3.4,2.89,2.3,3.4,3,1.73,2.08,1.73,2.1,1.7,2.05,1.78,2.14,-0.25,2,1.8,2,1.8,1.95,1.79,2.02,1.85,,,,,,,,,,,,,,,,,,,,,,,,,,,,,,,,,,,,,,,,,,,,
SP2,11/10/2026,13:00,Andorra,Castellon,,3.2,3.3,2.2,2.88,3.5,2.2,2.8,3.5,2.2,2.85,3.5,2.15,2.8,3.5,2.15,2.8,3.4,2.15,3.2,3.5,2.28,2.89,3.42,2.2,3.05,3.6,2.3,1.65,2.2,1.65,2.25,1.6,2.21,1.67,1.07,0.25,1.85,1.95,1.85,1.95,1.81,1.92,,,,,,,,,,,,,,,,,,,,,,,,,,,,,,,,,,,,,,,,,,,,,,
SP2,11/10/2026,15:15,Almeria,Leganes,,1.62,3.7,5.25,1.6,4,4.6,1.62,3.8,4.75,1.63,3.9,4.4,1.57,4,4.75,1.55,3.8,4.6,1.65,4,5.3,1.61,3.88,4.65,1.66,4.1,4.5,1.7,2.1,1.7,2.2,1.65,2.12,1.72,1.07,-0.75,1.83,1.98,1.83,1.98,1.79,1.94,,,,,,,,,,,,,,,,,,,,,,,,,,,,,,,,,,,,,,,,,,,,,,
SP2,11/10/2026,17:30,Mallorca,Las Palmas,,1.53,3.8,6,1.53,4,5.5,1.55,3.9,5.25,1.57,3.9,5,1.5,4,5,1.5,3.8,5,1.58,4.2,6,1.54,3.93,5.25,1.28,4.2,5.8,1.8,2,1.8,2,1.75,1.97,1.01,1.25,-1,2,1.8,2,1.8,1.96,1.77,,,,,,,,,,,,,,,,,,,,,,,,,,,,,,,,,,,,,,,,,,,,,,
SP2,11/10/2026,20:00,Cadiz,Sp Gijon,,2.5,3.1,2.82,2.4,3.2,2.75,2.45,3.13,2.7,2.4,3.1,2.75,2.4,3.25,2.63,2.38,3.1,2.6,2.52,3.25,2.88,2.43,3.15,2.74,2.22,3.25,2.86,2.1,1.7,2.1,1.73,2.05,1.69,2.12,1.25,0,1.78,2.03,1.78,2.03,1.75,1.98,,,,,,,,,,,,,,,,,,,,,,,,,,,,,,,,,,,,,,,,,,,,,,
SP2,12/10/2026,13:00,Valladolid,Albacete,,1.91,3.3,4,1.95,3.4,3.5,1.95,3.4,3.5,1.98,3.2,3.6,1.9,3.3,3.6,1.85,3.1,3.3,1.98,3.4,4,1.94,3.27,3.64,1.36,3.35,1.52,1.95,1.85,1.95,1.88,1.88,1.82,,,-0.5,1.98,1.83,1.98,1.83,1.93,1.79,,,,,,,,,,,,,,,,,,,,,,,,,,,,,,,,,,,,,,,,,,,,,,
SP2,12/10/2026,15:15,Burgos,Granada,,2.4,3.1,3,2.3,3.2,2.88,2.38,3.1,2.88,2.37,3.2,2.75,2.3,3.1,2.8,2.2,3,2.7,2.4,3.25,3.05,2.36,3.13,2.85,1.43,1.73,1.33,2.15,1.67,2.15,1.7,2.11,1.66,,,-0.25,2.05,1.75,2.05,1.77,2.02,1.73,,,,,,,,,,,,,,,,,,,,,,,,,,,,,,,,,,,,,,,,,,,,,,
SP2,12/10/2026,17:30,Oviedo,Eibar,,2.2,3.1,3.3,2.25,3.1,3.1,2.2,3.13,3.13,2.2,3.1,3.1,2.15,3.1,3.1,2.1,3,3,2.28,3.2,3.3,2.2,3.08,3.14,2.18,3.2,1.54,2.15,1.67,2.2,1.67,2.15,1.64,,,-0.25,1.95,1.85,1.95,1.85,1.9,1.82,,,,,,,,,,,,,,,,,,,,,,,,,,,,,,,,,,,,,,,,,,,,,,
SP2,12/10/2026,20:00,Tenerife,Girona,,2.75,3.1,2.55,2.75,3.2,2.4,2.7,3.13,2.45,2.7,3.1,2.45,2.63,3.1,2.4,2.6,3,2.3,2.84,3.2,2.55,2.71,3.1,2.46,1.5,3.15,1.49,2.15,1.67,2.15,1.67,2.11,1.65,,,0,2,1.8,2,1.8,1.96,1.77,,,,,,,,,,,,,,,,,,,,,,,,,,,,,,,,,,,,,,,,,,,,,,
T1,09/10/2026,18:00,Galatasaray,Kasimpasa,,1.24,5.25,10,1.22,6,10,1.22,5.75,10,1.28,5.75,9.5,1.22,5.5,10,1.22,5.5,8.5,1.28,6,10.5,1.24,5.69,9.59,1.3,6.4,12,1.5,2.5,1.5,2.63,1.46,2.55,1.55,2.74,-1.5,1.75,2.05,1.75,2.1,1.71,2.02,1.83,2.13,,,,,,,,,,,,,,,,,,,,,,,,,,,,,,,,,,,,,,,,,,,,
T1,10/10/2026,11:30,Genclerbirligi,Amedspor,,3.1,3.3,2.05,2.88,3.4,2.2,3,3.4,2.15,3.1,3.5,2.1,3,3.3,2.15,3,3.25,2.1,3.2,3.6,2.4,2.99,3.46,2.17,3.3,3.7,2.24,1.75,2.05,1.8,2.05,1.74,2,1.81,2.14,0.25,1.98,1.83,1.98,2.05,1.81,1.92,1.99,1.93,,,,,,,,,,,,,,,,,,,,,,,,,,,,,,,,,,,,,,,,,,,,
T1,10/10/2026,14:00,Alanyaspor,Erzurumspor,,1.91,3.25,3.8,1.95,3.25,3.75,1.93,3.2,3.8,2,3.25,3.75,1.9,3.3,3.8,1.85,3.1,3.8,2.05,3.3,3.8,1.96,3.24,3.76,2.02,3.5,4.3,2.25,1.62,2.25,1.67,2.2,1.61,2.3,1.7,-0.5,1.95,1.85,2,1.85,1.93,1.77,2.02,1.96,,,,,,,,,,,,,,,,,,,,,,,,,,,,,,,,,,,,,,,,,,,,
T1,10/10/2026,14:00,Samsunspor,Trabzonspor,,3.5,3.6,1.86,3.3,3.6,1.95,3.4,3.6,1.91,3.4,3.7,1.98,3.3,3.7,1.91,3.25,3.5,1.85,3.5,3.75,2,3.41,3.62,1.94,3.85,3.95,2,1.67,2.15,1.67,2.2,1.64,2.15,1.71,2.3,0.5,1.83,1.98,1.83,1.98,1.79,1.91,1.96,2,,,,,,,,,,,,,,,,,,,,,,,,,,,,,,,,,,,,,,,,,,,,
T1,10/10/2026,17:00,Rizespor,Fenerbahce,,4.5,3.75,1.62,4.33,3.75,1.67,4.33,3.8,1.67,4.4,4,1.68,4.5,4,1.62,4.2,3.75,1.62,4.65,4,1.7,4.36,3.88,1.67,4.8,4.4,1.7,1.67,2.15,1.67,2.2,1.63,2.15,1.68,2.26,0.75,1.9,1.9,1.93,1.9,1.87,1.85,2.04,1.9,,,,,,,,,,,,,,,,,,,,,,,,,,,,,,,,,,,,,,,,,,,,
T1,11/10/2026,11:30,Konyaspor,Buyuksehyr,,2.55,3.4,2.45,2.63,3.4,2.4,2.55,3.4,2.45,2.65,3.4,2.5,2.63,3.4,2.4,2.5,3.3,2.38,2.72,3.5,2.55,2.6,3.4,2.45,1.12,3.5,2.54,1.75,2.05,1.8,2.05,1.74,1.99,1.75,1.25,0,1.95,1.85,2,1.85,1.92,1.81,,,,,,,,,,,,,,,,,,,,,,,,,,,,,,,,,,,,,,,,,,,,,,
T1,11/10/2026,14:00,Gaziantep,Corum,,2.5,3.25,2.55,2.6,3.3,2.5,2.5,3.3,2.55,2.6,3.4,2.5,2.5,3.4,2.5,2.45,3.25,2.45,2.62,3.4,2.63,2.55,3.31,2.54,2.52,3.35,2.68,1.9,1.9,1.91,1.91,1.85,1.86,1.01,1.94,0,1.88,1.93,1.88,1.93,1.85,1.87,,,,,,,,,,,,,,,,,,,,,,,,,,,,,,,,,,,,,,,,,,,,,,
T1,11/10/2026,17:00,Besiktas,Kocaelispor,,1.24,4.75,11,1.25,5,10,1.25,5.25,10,1.28,5.25,10.5,1.22,5,10,1.22,4.8,9,1.29,5.5,11,1.26,5.21,9.8,1.28,6.4,9.8,1.62,2.25,1.62,2.3,1.59,2.25,1.01,1.12,-1.5,1.8,2,1.8,2,1.77,1.93,,,,,,,,,,,,,,,,,,,,,,,,,,,,,,,,,,,,,,,,,,,,,,
T1,12/10/2026,18:00,Eyupspor,Goztep,,3.7,3.5,1.86,3.5,3.6,1.9,3.6,3.5,1.87,3.6,3.6,1.93,3.5,3.7,1.85,3.25,3.4,1.8,3.7,3.75,1.98,3.56,3.59,1.89,2.52,2,1.17,1.73,2.08,1.73,2.1,1.7,2.05,,,0.5,1.9,1.9,1.9,1.93,1.84,1.86,,,,,,,,,,,,,,,,,,,,,,,,,,,,,,,,,,,,,,,,,,,,,,
